surface_id,source,kind,current_text,decision,recommended_text,reason
responseFormat:AGR7:1,research/v3/normative/questionnaire_candidate_freeze.yaml,response_option,完全不符合,PASS,完全不符合,表达直接，可保留。
responseFormat:AGR7:2,research/v3/normative/questionnaire_candidate_freeze.yaml,response_option,比较不符合,PASS,比较不符合,表达直接，可保留。
responseFormat:AGR7:3,research/v3/normative/questionnaire_candidate_freeze.yaml,response_option,有一点不符合,PASS,有一点不符合,表达直接，可保留。
responseFormat:AGR7:4,research/v3/normative/questionnaire_candidate_freeze.yaml,response_option,说不准 / 一半一半,PASS,说不准 / 一半一半,表达直接，可保留。
responseFormat:AGR7:5,research/v3/normative/questionnaire_candidate_freeze.yaml,response_option,有一点符合,PASS,有一点符合,表达直接，可保留。
responseFormat:AGR7:6,research/v3/normative/questionnaire_candidate_freeze.yaml,response_option,比较符合,PASS,比较符合,表达直接，可保留。
responseFormat:AGR7:7,research/v3/normative/questionnaire_candidate_freeze.yaml,response_option,非常符合,PASS,非常符合,表达直接，可保留。
responseFormat:MOTIVE7:1,research/v3/normative/questionnaire_candidate_freeze.yaml,response_option,完全不是我的原因,PASS,完全不是我的原因,表达直接，可保留。
responseFormat:MOTIVE7:2,research/v3/normative/questionnaire_candidate_freeze.yaml,response_option,很少是,PASS,很少是,表达直接，可保留。
responseFormat:MOTIVE7:3,research/v3/normative/questionnaire_candidate_freeze.yaml,response_option,有一点,PASS,有一点,表达直接，可保留。
responseFormat:MOTIVE7:4,research/v3/normative/questionnaire_candidate_freeze.yaml,response_option,一半左右,PASS,一半左右,表达直接，可保留。
responseFormat:MOTIVE7:5,research/v3/normative/questionnaire_candidate_freeze.yaml,response_option,比较是,PASS,比较是,表达直接，可保留。
responseFormat:MOTIVE7:6,research/v3/normative/questionnaire_candidate_freeze.yaml,response_option,很大程度是,PASS,很大程度是,表达直接，可保留。
responseFormat:MOTIVE7:7,research/v3/normative/questionnaire_candidate_freeze.yaml,response_option,非常主要的原因,PASS,非常主要的原因,表达直接，可保留。
responseFormat:FREQ5_NA:1,research/v3/normative/questionnaire_candidate_freeze.yaml,response_option,几乎从不,PASS,几乎从不,表达直接，可保留。
responseFormat:FREQ5_NA:2,research/v3/normative/questionnaire_candidate_freeze.yaml,response_option,较少,PASS,较少,表达直接，可保留。
responseFormat:FREQ5_NA:3,research/v3/normative/questionnaire_candidate_freeze.yaml,response_option,有时,PASS,有时,表达直接，可保留。
responseFormat:FREQ5_NA:4,research/v3/normative/questionnaire_candidate_freeze.yaml,response_option,多数时候,PASS,多数时候,表达直接，可保留。
responseFormat:FREQ5_NA:5,research/v3/normative/questionnaire_candidate_freeze.yaml,response_option,几乎总是,PASS,几乎总是,表达直接，可保留。
responseFormat:FREQ5_NA:6,research/v3/normative/questionnaire_candidate_freeze.yaml,response_option,没有类似情况,PASS,没有类似情况,表达直接，可保留。
responseFormat:LIKELY5:1,research/v3/normative/questionnaire_candidate_freeze.yaml,response_option,非常不像我会做的,PASS,非常不像我会做的,表达直接，可保留。
responseFormat:LIKELY5:2,research/v3/normative/questionnaire_candidate_freeze.yaml,response_option,比较不像,PASS,比较不像,表达直接，可保留。
responseFormat:LIKELY5:3,research/v3/normative/questionnaire_candidate_freeze.yaml,response_option,说不准 / 看情况,PASS,说不准 / 看情况,表达直接，可保留。
responseFormat:LIKELY5:4,research/v3/normative/questionnaire_candidate_freeze.yaml,response_option,比较像,PASS,比较像,表达直接，可保留。
responseFormat:LIKELY5:5,research/v3/normative/questionnaire_candidate_freeze.yaml,response_option,非常像我会做的,PASS,非常像我会做的,表达直接，可保留。
responseFormat:COMFORT7_0_6:1,research/v3/normative/questionnaire_candidate_freeze.yaml,response_option,非常不舒服,PASS,非常不舒服,表达直接，可保留。
responseFormat:COMFORT7_0_6:2,research/v3/normative/questionnaire_candidate_freeze.yaml,response_option,很不舒服,PASS,很不舒服,表达直接，可保留。
responseFormat:COMFORT7_0_6:3,research/v3/normative/questionnaire_candidate_freeze.yaml,response_option,有些不舒服,PASS,有些不舒服,表达直接，可保留。
responseFormat:COMFORT7_0_6:4,research/v3/normative/questionnaire_candidate_freeze.yaml,response_option,中间 / 说不准,PASS,中间 / 说不准,表达直接，可保留。
responseFormat:COMFORT7_0_6:5,research/v3/normative/questionnaire_candidate_freeze.yaml,response_option,有些舒服,PASS,有些舒服,表达直接，可保留。
responseFormat:COMFORT7_0_6:6,research/v3/normative/questionnaire_candidate_freeze.yaml,response_option,比较舒服,PASS,比较舒服,表达直接，可保留。
responseFormat:COMFORT7_0_6:7,research/v3/normative/questionnaire_candidate_freeze.yaml,response_option,非常舒服,PASS,非常舒服,表达直接，可保留。
responseFormat:INTENSITY7_0_6:1,research/v3/normative/questionnaire_candidate_freeze.yaml,response_option,几乎没有,PASS,几乎没有,表达直接，可保留。
responseFormat:INTENSITY7_0_6:2,research/v3/normative/questionnaire_candidate_freeze.yaml,response_option,非常低,PASS,非常低,表达直接，可保留。
responseFormat:INTENSITY7_0_6:3,research/v3/normative/questionnaire_candidate_freeze.yaml,response_option,比较低,PASS,比较低,表达直接，可保留。
responseFormat:INTENSITY7_0_6:4,research/v3/normative/questionnaire_candidate_freeze.yaml,response_option,中等,PASS,中等,表达直接，可保留。
responseFormat:INTENSITY7_0_6:5,research/v3/normative/questionnaire_candidate_freeze.yaml,response_option,比较高,PASS,比较高,表达直接，可保留。
responseFormat:INTENSITY7_0_6:6,research/v3/normative/questionnaire_candidate_freeze.yaml,response_option,很高,PASS,很高,表达直接，可保留。
responseFormat:INTENSITY7_0_6:7,research/v3/normative/questionnaire_candidate_freeze.yaml,response_option,非常高,PASS,非常高,表达直接，可保留。
responseFormat:ENERGY5:1,research/v3/normative/questionnaire_candidate_freeze.yaml,response_option,几乎没有,PASS,几乎没有,表达直接，可保留。
responseFormat:ENERGY5:2,research/v3/normative/questionnaire_candidate_freeze.yaml,response_option,很少,PASS,很少,表达直接，可保留。
responseFormat:ENERGY5:3,research/v3/normative/questionnaire_candidate_freeze.yaml,response_option,一般,PASS,一般,表达直接，可保留。
responseFormat:ENERGY5:4,research/v3/normative/questionnaire_candidate_freeze.yaml,response_option,比较有,PASS,比较有,表达直接，可保留。
responseFormat:ENERGY5:5,research/v3/normative/questionnaire_candidate_freeze.yaml,response_option,非常充足,PASS,非常充足,表达直接，可保留。
responseFormat:ACCEPT5:1,research/v3/normative/questionnaire_candidate_freeze.yaml,response_option,完全不能接受,PASS,完全不能接受,表达直接，可保留。
responseFormat:ACCEPT5:2,research/v3/normative/questionnaire_candidate_freeze.yaml,response_option,比较难接受,PASS,比较难接受,表达直接，可保留。
responseFormat:ACCEPT5:3,research/v3/normative/questionnaire_candidate_freeze.yaml,response_option,取决于具体情况,PASS,取决于具体情况,表达直接，可保留。
responseFormat:ACCEPT5:4,research/v3/normative/questionnaire_candidate_freeze.yaml,response_option,大体可以接受,PASS,大体可以接受,表达直接，可保留。
responseFormat:ACCEPT5:5,research/v3/normative/questionnaire_candidate_freeze.yaml,response_option,完全可以接受,PASS,完全可以接受,表达直接，可保留。
responseFormat:HARDNESS5:1,research/v3/normative/questionnaire_candidate_freeze.yaml,response_option,可以认真协商,REWRITE,这件事可以好好商量,“硬条件/冲突”等研究分类语言改为用户自己的选择语言。
responseFormat:HARDNESS5:2,research/v3/normative/questionnaire_candidate_freeze.yaml,response_option,明显影响，但不一定因此停止,REWRITE,会让我犹豫，但不一定因此放弃,“硬条件/冲突”等研究分类语言改为用户自己的选择语言。
responseFormat:HARDNESS5:3,research/v3/normative/questionnaire_candidate_freeze.yaml,response_option,目前不确定,REWRITE,我现在还不确定,“硬条件/冲突”等研究分类语言改为用户自己的选择语言。
responseFormat:HARDNESS5:4,research/v3/normative/questionnaire_candidate_freeze.yaml,response_option,基本不能让步,REWRITE,我基本不能接受,“硬条件/冲突”等研究分类语言改为用户自己的选择语言。
responseFormat:HARDNESS5:5,research/v3/normative/questionnaire_candidate_freeze.yaml,response_option,明确硬条件 / 明确冲突,REWRITE,只要这一点不一致，我通常就不会继续,“硬条件/冲突”等研究分类语言改为用户自己的选择语言。
responseFormat:POSITION_CONFIDENCE5:1,research/v3/normative/questionnaire_candidate_freeze.yaml,response_option,几乎没想过，只是现在的直觉,PASS,几乎没想过，只是现在的直觉,表达直接，可保留。
responseFormat:POSITION_CONFIDENCE5:2,research/v3/normative/questionnaire_candidate_freeze.yaml,response_option,有一点想法，但真实关系里可能会变,PASS,有一点想法，但真实关系里可能会变,表达直接，可保留。
responseFormat:POSITION_CONFIDENCE5:3,research/v3/normative/questionnaire_candidate_freeze.yaml,response_option,有倾向，但还不算很确定,REWRITE,大概有个想法，但还不算确定,“有倾向”偏研究表达。
responseFormat:POSITION_CONFIDENCE5:4,research/v3/normative/questionnaire_candidate_freeze.yaml,response_option,比较确定,PASS,比较确定,表达直接，可保留。
responseFormat:POSITION_CONFIDENCE5:5,research/v3/normative/questionnaire_candidate_freeze.yaml,response_option,很确定，或过去经历也支持,PASS,很确定，或过去经历也支持,表达直接，可保留。
responseFormat:LEVEL5_IDEAL:1,research/v3/normative/questionnaire_candidate_freeze.yaml,response_option,Level 1,BLOCKER_REPLACE_TASK_SPECIFIC,,Level 1–5 对用户没有含义；禁止作为通用选项直接显示。
responseFormat:LEVEL5_IDEAL:2,research/v3/normative/questionnaire_candidate_freeze.yaml,response_option,Level 2,BLOCKER_REPLACE_TASK_SPECIFIC,,Level 1–5 对用户没有含义；禁止作为通用选项直接显示。
responseFormat:LEVEL5_IDEAL:3,research/v3/normative/questionnaire_candidate_freeze.yaml,response_option,Level 3,BLOCKER_REPLACE_TASK_SPECIFIC,,Level 1–5 对用户没有含义；禁止作为通用选项直接显示。
responseFormat:LEVEL5_IDEAL:4,research/v3/normative/questionnaire_candidate_freeze.yaml,response_option,Level 4,BLOCKER_REPLACE_TASK_SPECIFIC,,Level 1–5 对用户没有含义；禁止作为通用选项直接显示。
responseFormat:LEVEL5_IDEAL:5,research/v3/normative/questionnaire_candidate_freeze.yaml,response_option,Level 5,BLOCKER_REPLACE_TASK_SPECIFIC,,Level 1–5 对用户没有含义；禁止作为通用选项直接显示。
responseFormat:LEVEL5_ACCEPTABLE:1,research/v3/normative/questionnaire_candidate_freeze.yaml,response_option,Level 1,BLOCKER_REPLACE_TASK_SPECIFIC,,Level 1–5 对用户没有含义；禁止作为通用选项直接显示。
responseFormat:LEVEL5_ACCEPTABLE:2,research/v3/normative/questionnaire_candidate_freeze.yaml,response_option,Level 2,BLOCKER_REPLACE_TASK_SPECIFIC,,Level 1–5 对用户没有含义；禁止作为通用选项直接显示。
responseFormat:LEVEL5_ACCEPTABLE:3,research/v3/normative/questionnaire_candidate_freeze.yaml,response_option,Level 3,BLOCKER_REPLACE_TASK_SPECIFIC,,Level 1–5 对用户没有含义；禁止作为通用选项直接显示。
responseFormat:LEVEL5_ACCEPTABLE:4,research/v3/normative/questionnaire_candidate_freeze.yaml,response_option,Level 4,BLOCKER_REPLACE_TASK_SPECIFIC,,Level 1–5 对用户没有含义；禁止作为通用选项直接显示。
responseFormat:LEVEL5_ACCEPTABLE:5,research/v3/normative/questionnaire_candidate_freeze.yaml,response_option,Level 5,BLOCKER_REPLACE_TASK_SPECIFIC,,Level 1–5 对用户没有含义；禁止作为通用选项直接显示。
AUT01,research/v3/normative/questionnaire_candidate_freeze.yaml,parent_prompt,对于主要影响本人、不会明显改变共同生活的选择，你更希望默认规则是：,REWRITE,这类主要影响你自己、不会明显改变两个人生活的事，你更希望怎么决定？,当前表达包含研究/产品术语、抽象名词或不自然问卷腔。
AUT01:option:1,research/v3/normative/questionnaire_candidate_freeze.yaml,response_option,本人决定即可,REWRITE,自己决定就行,去掉内部/抽象词。
AUT01:option:2,research/v3/normative/questionnaire_candidate_freeze.yaml,response_option,本人决定，但应让伴侣知情,REWRITE,自己决定，但应该告诉伴侣,去掉内部/抽象词。
AUT01:option:3,research/v3/normative/questionnaire_candidate_freeze.yaml,response_option,认真讨论，但最终本人决定,REWRITE,认真聊过以后，最后还是自己决定,去掉内部/抽象词。
AUT01:option:4,research/v3/normative/questionnaire_candidate_freeze.yaml,response_option,最好双方达成一致,PASS,最好双方达成一致,表达直接，可保留。
AUT01:option:5,research/v3/normative/questionnaire_candidate_freeze.yaml,response_option,必须双方同意,PASS,必须双方同意,表达直接，可保留。
AUT02,research/v3/normative/questionnaire_candidate_freeze.yaml,parent_prompt,如果一方想换一份收入差不多、但本人更喜欢的工作，而这不会搬家或明显影响家庭时间，你认为：,PASS,如果一方想换一份收入差不多、但本人更喜欢的工作，而这不会搬家或明显影响家庭时间，你认为：,表达足够具体、接近日常语言。
AUT02:option:1,research/v3/normative/questionnaire_candidate_freeze.yaml,response_option,本人可以直接决定,REWRITE,自己可以直接决定,去掉内部/抽象词。
AUT02:option:2,research/v3/normative/questionnaire_candidate_freeze.yaml,response_option,应先和伴侣认真讨论，但最终本人决定,REWRITE,先和伴侣认真聊，但最后还是自己决定,去掉内部/抽象词。
AUT02:option:3,research/v3/normative/questionnaire_candidate_freeze.yaml,response_option,最好双方认可,PASS,最好双方认可,表达直接，可保留。
AUT02:option:4,research/v3/normative/questionnaire_candidate_freeze.yaml,response_option,只要伴侣强烈反对就不应换,PASS,只要伴侣强烈反对就不应换,表达直接，可保留。
AUT02:option:5,research/v3/normative/questionnaire_candidate_freeze.yaml,response_option,取决于实际影响,PASS,取决于实际影响,表达直接，可保留。
AUT03,research/v3/normative/questionnaire_candidate_freeze.yaml,parent_prompt,伴侣不喜欢你的一项个人兴趣，但它没有明显伤害共同生活。你认为长期关系里：,PASS,伴侣不喜欢你的一项个人兴趣，但它没有明显伤害共同生活。你认为长期关系里：,表达足够具体、接近日常语言。
AUT03:option:1,research/v3/normative/questionnaire_candidate_freeze.yaml,response_option,本人应该可以继续,REWRITE,自己应该可以继续,去掉内部/抽象词。
AUT03:option:2,research/v3/normative/questionnaire_candidate_freeze.yaml,response_option,可以继续，但要照顾伴侣感受,PASS,可以继续，但要照顾伴侣感受,表达直接，可保留。
AUT03:option:3,research/v3/normative/questionnaire_candidate_freeze.yaml,response_option,应减少频率,PASS,应减少频率,表达直接，可保留。
AUT03:option:4,research/v3/normative/questionnaire_candidate_freeze.yaml,response_option,伴侣明显不喜欢就应停止,PASS,伴侣明显不喜欢就应停止,表达直接，可保留。
AUT03:option:5,research/v3/normative/questionnaire_candidate_freeze.yaml,response_option,取决于兴趣具体内容,PASS,取决于兴趣具体内容,表达直接，可保留。
AUT04,research/v3/normative/questionnaire_candidate_freeze.yaml,parent_prompt,当伴侣非常不赞同你的某个个人决定时，你觉得“认真听取他的感受”和“必须按照他的意见做”之间应该有多清楚的边界？,REWRITE,伴侣很不同意你的一个个人决定时，你觉得最后应该怎么处理？,当前表达包含研究/产品术语、抽象名词或不自然问卷腔。
CA-B01,research/v3/normative/questionnaire_candidate_freeze.yaml,parent_prompt,我平时本来就是比较容易生气的人。,PASS,我平时本来就是比较容易生气的人。,表达足够具体、接近日常语言。
CA-B02,research/v3/normative/questionnaire_candidate_freeze.yaml,parent_prompt,生气时我会想通过吼叫、砸东西或威胁让对方停下来。,PASS,生气时我会想通过吼叫、砸东西或威胁让对方停下来。,表达足够具体、接近日常语言。
CA-B03,research/v3/normative/questionnaire_candidate_freeze.yaml,parent_prompt,即使还很平静，我也会尽量避免谈任何可能引起冲突的问题。,PASS,即使还很平静，我也会尽量避免谈任何可能引起冲突的问题。,表达足够具体、接近日常语言。
CA-B04,research/v3/normative/questionnaire_candidate_freeze.yaml,parent_prompt,我认为情侣吵架最好当天一定解决。,PASS,我认为情侣吵架最好当天一定解决。,表达足够具体、接近日常语言。
CA-B05,research/v3/normative/questionnaire_candidate_freeze.yaml,parent_prompt,争执结束后，我可能连续很多天在脑子里重复这件事。,PASS,争执结束后，我可能连续很多天在脑子里重复这件事。,表达足够具体、接近日常语言。
CA-S01,research/v3/normative/questionnaire_candidate_freeze.yaml,parent_prompt,伴侣认为你做某件事是不重视他，但你觉得自己的动机完全不是这样。你已经解释了两次，对方仍然不接受。,PASS,伴侣认为你做某件事是不重视他，但你觉得自己的动机完全不是这样。你已经解释了两次，对方仍然不接受。,表达足够具体、接近日常语言。
CA-S01.a,research/v3/normative/questionnaire_candidate_freeze.yaml,child_prompt,这种情况下你的情绪/内部激活可能有多高？,REWRITE,这种情况下，你的情绪会有多强？,当前表达偏测量学/调查语言，改成直接问用户。
CA-S01.b,research/v3/normative/questionnaire_candidate_freeze.yaml,child_prompt,此时你觉得自己还能多有效地理解对方并组织自己的想法？,REWRITE,这时你还能不能听懂对方在说什么，也想清楚自己要说什么？,当前表达偏测量学/调查语言，改成直接问用户。
CA-S01.b:option:1,research/v3/normative/questionnaire_candidate_freeze.yaml,response_option,几乎不能,PASS,几乎不能,表达直接，可保留。
CA-S01.b:option:2,research/v3/normative/questionnaire_candidate_freeze.yaml,response_option,比较困难,PASS,比较困难,表达直接，可保留。
CA-S01.b:option:3,research/v3/normative/questionnaire_candidate_freeze.yaml,response_option,一般,PASS,一般,表达直接，可保留。
CA-S01.b:option:4,research/v3/normative/questionnaire_candidate_freeze.yaml,response_option,大体还能,PASS,大体还能,表达直接，可保留。
CA-S01.b:option:5,research/v3/normative/questionnaire_candidate_freeze.yaml,response_option,基本可以,PASS,基本可以,表达直接，可保留。
CA-S01.c,research/v3/normative/questionnaire_candidate_freeze.yaml,child_prompt,此时最强的冲动更接近：,PASS,此时最强的冲动更接近：,表达直接，可保留。
CA-S01.c:option:1,research/v3/normative/questionnaire_candidate_freeze.yaml,response_option,继续解释 / 继续把问题说清楚,PASS,继续解释 / 继续把问题说清楚,表达直接，可保留。
CA-S01.c:option:2,research/v3/normative/questionnaire_candidate_freeze.yaml,response_option,先暂停，让强度降下来,REWRITE,先停一会儿，让两个人都冷静一点,“让强度降下来”像模型描述。
CA-S01.c:option:3,research/v3/normative/questionnaire_candidate_freeze.yaml,response_option,直接结束这次讨论，不想再处理,PASS,直接结束这次讨论，不想再处理,表达直接，可保留。
CA-S01.c:option:4,research/v3/normative/questionnaire_candidate_freeze.yaml,response_option,没有明显单一冲动 / 看情况,PASS,没有明显单一冲动 / 看情况,表达直接，可保留。
CA-S02,research/v3/normative/questionnaire_candidate_freeze.yaml,parent_prompt,争论过程中，对方连续指出几件他长期不满意的事，而你本来以为今天只是在讨论其中一件。,PASS,争论过程中，对方连续指出几件他长期不满意的事，而你本来以为今天只是在讨论其中一件。,表达足够具体、接近日常语言。
CA-S02.a,research/v3/normative/questionnaire_candidate_freeze.yaml,child_prompt,这种情况下你的情绪/内部激活可能有多高？,REWRITE,这种情况下，你的情绪会有多强？,当前表达偏测量学/调查语言，改成直接问用户。
CA-S02.b,research/v3/normative/questionnaire_candidate_freeze.yaml,child_prompt,此时你觉得自己还能多有效地理解对方并组织自己的想法？,REWRITE,这时你还能不能听懂对方在说什么，也想清楚自己要说什么？,当前表达偏测量学/调查语言，改成直接问用户。
CA-S02.b:option:1,research/v3/normative/questionnaire_candidate_freeze.yaml,response_option,几乎不能,PASS,几乎不能,表达直接，可保留。
CA-S02.b:option:2,research/v3/normative/questionnaire_candidate_freeze.yaml,response_option,比较困难,PASS,比较困难,表达直接，可保留。
CA-S02.b:option:3,research/v3/normative/questionnaire_candidate_freeze.yaml,response_option,一般,PASS,一般,表达直接，可保留。
CA-S02.b:option:4,research/v3/normative/questionnaire_candidate_freeze.yaml,response_option,大体还能,PASS,大体还能,表达直接，可保留。
CA-S02.b:option:5,research/v3/normative/questionnaire_candidate_freeze.yaml,response_option,基本可以,PASS,基本可以,表达直接，可保留。
CA-S02.c,research/v3/normative/questionnaire_candidate_freeze.yaml,child_prompt,此时最强的冲动更接近：,PASS,此时最强的冲动更接近：,表达直接，可保留。
CA-S02.c:option:1,research/v3/normative/questionnaire_candidate_freeze.yaml,response_option,继续解释 / 继续把问题说清楚,PASS,继续解释 / 继续把问题说清楚,表达直接，可保留。
CA-S02.c:option:2,research/v3/normative/questionnaire_candidate_freeze.yaml,response_option,先暂停，让强度降下来,REWRITE,先停一会儿，让两个人都冷静一点,“让强度降下来”像模型描述。
CA-S02.c:option:3,research/v3/normative/questionnaire_candidate_freeze.yaml,response_option,直接结束这次讨论，不想再处理,PASS,直接结束这次讨论，不想再处理,表达直接，可保留。
CA-S02.c:option:4,research/v3/normative/questionnaire_candidate_freeze.yaml,response_option,没有明显单一冲动 / 看情况,PASS,没有明显单一冲动 / 看情况,表达直接，可保留。
CA-S03,research/v3/normative/questionnaire_candidate_freeze.yaml,parent_prompt,一个问题已经讨论半小时，双方开始重复相同观点，没有辱骂或威胁，但情绪越来越强。,PASS,一个问题已经讨论半小时，双方开始重复相同观点，没有辱骂或威胁，但情绪越来越强。,表达足够具体、接近日常语言。
CA-S03.a,research/v3/normative/questionnaire_candidate_freeze.yaml,child_prompt,此时你继续有效交流的能力还有多少？,REWRITE,这时你还能不能把话继续说清楚？,当前表达偏测量学/调查语言，改成直接问用户。
CA-S03.a:option:1,research/v3/normative/questionnaire_candidate_freeze.yaml,response_option,几乎没有,PASS,几乎没有,表达直接，可保留。
CA-S03.a:option:2,research/v3/normative/questionnaire_candidate_freeze.yaml,response_option,很低,PASS,很低,表达直接，可保留。
CA-S03.a:option:3,research/v3/normative/questionnaire_candidate_freeze.yaml,response_option,较低,PASS,较低,表达直接，可保留。
CA-S03.a:option:4,research/v3/normative/questionnaire_candidate_freeze.yaml,response_option,中等,PASS,中等,表达直接，可保留。
CA-S03.a:option:5,research/v3/normative/questionnaire_candidate_freeze.yaml,response_option,较高,PASS,较高,表达直接，可保留。
CA-S03.a:option:6,research/v3/normative/questionnaire_candidate_freeze.yaml,response_option,很高,PASS,很高,表达直接，可保留。
CA-S03.a:option:7,research/v3/normative/questionnaire_candidate_freeze.yaml,response_option,几乎不受影响,PASS,几乎不受影响,表达直接，可保留。
CA-S03.b,research/v3/normative/questionnaire_candidate_freeze.yaml,child_prompt,此时你最想做什么？,PASS,此时你最想做什么？,表达直接，可保留。
CA-S03.b:option:1,research/v3/normative/questionnaire_candidate_freeze.yaml,response_option,继续说，尽量当场说清,PASS,继续说，尽量当场说清,表达直接，可保留。
CA-S03.b:option:2,research/v3/normative/questionnaire_candidate_freeze.yaml,response_option,暂停十几到几十分钟,PASS,暂停十几到几十分钟,表达直接，可保留。
CA-S03.b:option:3,research/v3/normative/questionnaire_candidate_freeze.yaml,response_option,暂停几小时后再谈,PASS,暂停几小时后再谈,表达直接，可保留。
CA-S03.b:option:4,research/v3/normative/questionnaire_candidate_freeze.yaml,response_option,改到第二天再谈,PASS,改到第二天再谈,表达直接，可保留。
CA-S03.b:option:5,research/v3/normative/questionnaire_candidate_freeze.yaml,response_option,结束这个问题，不想再处理,PASS,结束这个问题，不想再处理,表达直接，可保留。
CA-S03.b:option:6,research/v3/normative/questionnaire_candidate_freeze.yaml,response_option,取决于议题,PASS,取决于议题,表达直接，可保留。
CA-S04,research/v3/normative/questionnaire_candidate_freeze.yaml,parent_prompt,对方明显提高音量，但没有辱骂、威胁或身体攻击。,PASS,对方明显提高音量，但没有辱骂、威胁或身体攻击。,表达足够具体、接近日常语言。
CA-S04.a,research/v3/normative/questionnaire_candidate_freeze.yaml,child_prompt,对方提高音量时，你自己的激活程度可能有多高？,REWRITE,对方提高音量时，你的情绪会有多强？,当前表达偏测量学/调查语言，改成直接问用户。
CA-S04.b,research/v3/normative/questionnaire_candidate_freeze.yaml,child_prompt,此时继续理解内容、组织表达的难度有多大？,REWRITE,这时你还能不能听清对方的意思，也把自己的话想明白？,当前表达偏测量学/调查语言，改成直接问用户。
CA-S04.c,research/v3/normative/questionnaire_candidate_freeze.yaml,child_prompt,你最想做的下一步更接近：,PASS,你最想做的下一步更接近：,表达直接，可保留。
CA-S04.c:option:1,research/v3/normative/questionnaire_candidate_freeze.yaml,response_option,继续当场说清,PASS,继续当场说清,表达直接，可保留。
CA-S04.c:option:2,research/v3/normative/questionnaire_candidate_freeze.yaml,response_option,要求把音量降下来后继续,PASS,要求把音量降下来后继续,表达直接，可保留。
CA-S04.c:option:3,research/v3/normative/questionnaire_candidate_freeze.yaml,response_option,先暂停,PASS,先暂停,表达直接，可保留。
CA-S04.c:option:4,research/v3/normative/questionnaire_candidate_freeze.yaml,response_option,直接结束这次讨论,PASS,直接结束这次讨论,表达直接，可保留。
CA-S04.c:option:5,research/v3/normative/questionnaire_candidate_freeze.yaml,response_option,取决于具体问题,PASS,取决于具体问题,表达直接，可保留。
CA01,research/v3/normative/questionnaire_candidate_freeze.yaml,parent_prompt,和重要的人争执真正升级以后，我的情绪强度有时会上升得很快。,PASS,和重要的人争执真正升级以后，我的情绪强度有时会上升得很快。,表达足够具体、接近日常语言。
CA02,research/v3/normative/questionnaire_candidate_freeze.yaml,parent_prompt,原本只是一个具体问题，吵到后面时我有时会感觉整个人都被这场冲突带进去。,PASS,原本只是一个具体问题，吵到后面时我有时会感觉整个人都被这场冲突带进去。,表达足够具体、接近日常语言。
CA03,research/v3/normative/questionnaire_candidate_freeze.yaml,parent_prompt,冲突越持续，我越容易进入一种“现在很难只是平静讨论事情”的状态。,PASS,冲突越持续，我越容易进入一种“现在很难只是平静讨论事情”的状态。,表达足够具体、接近日常语言。
CA04,research/v3/normative/questionnaire_candidate_freeze.yaml,parent_prompt,即使争执比较激烈，我通常仍能让自己的情绪维持在可以继续处理问题的范围。,PASS,即使争执比较激烈，我通常仍能让自己的情绪维持在可以继续处理问题的范围。,表达足够具体、接近日常语言。
CA05,research/v3/normative/questionnaire_candidate_freeze.yaml,parent_prompt,冲突很激烈时，我会越来越难同时理解对方的意思和整理自己的想法。,PASS,冲突很激烈时，我会越来越难同时理解对方的意思和整理自己的想法。,表达足够具体、接近日常语言。
CA06,research/v3/normative/questionnaire_candidate_freeze.yaml,parent_prompt,情绪上来以后，我有时会只抓住对方某一句话，很难再看整件事情。,PASS,情绪上来以后，我有时会只抓住对方某一句话，很难再看整件事情。,表达足够具体、接近日常语言。
CA07,research/v3/normative/questionnaire_candidate_freeze.yaml,parent_prompt,争执升级时，我会比较容易把对方接下来的话都理解成在攻击或否定我。,PASS,争执升级时，我会比较容易把对方接下来的话都理解成在攻击或否定我。,表达足够具体、接近日常语言。
CA08,research/v3/normative/questionnaire_candidate_freeze.yaml,parent_prompt,即使我很生气，我通常仍能区分“我不喜欢他这句话”和“他整个人都在针对我”。,PASS,即使我很生气，我通常仍能区分“我不喜欢他这句话”和“他整个人都在针对我”。,表达足够具体、接近日常语言。
CA09,research/v3/normative/questionnaire_candidate_freeze.yaml,parent_prompt,争执持续到一定程度后，就算对方继续解释，我可能已经很难真正吸收他说的内容。,PASS,争执持续到一定程度后，就算对方继续解释，我可能已经很难真正吸收他说的内容。,表达足够具体、接近日常语言。
CA10,research/v3/normative/questionnaire_candidate_freeze.yaml,parent_prompt,冲突中如果信息一下很多，我会明显需要一点时间才能整理清楚自己究竟想说什么。,PASS,冲突中如果信息一下很多，我会明显需要一点时间才能整理清楚自己究竟想说什么。,表达足够具体、接近日常语言。
CA11,research/v3/normative/questionnaire_candidate_freeze.yaml,parent_prompt,有些争执里，我后来会发现自己当时其实没有完整听进去对方说了什么。,PASS,有些争执里，我后来会发现自己当时其实没有完整听进去对方说了什么。,表达足够具体、接近日常语言。
CA12,research/v3/normative/questionnaire_candidate_freeze.yaml,parent_prompt,情绪很强时，我当场做出的理解和判断，事后有时会明显改变。,PASS,情绪很强时，我当场做出的理解和判断，事后有时会明显改变。,表达足够具体、接近日常语言。
CA13,research/v3/normative/questionnaire_candidate_freeze.yaml,parent_prompt,一旦冲突让我很不舒服，我会有很强的冲动想让这件事马上出现一个结果。,PASS,一旦冲突让我很不舒服，我会有很强的冲动想让这件事马上出现一个结果。,表达足够具体、接近日常语言。
CA14,research/v3/normative/questionnaire_candidate_freeze.yaml,parent_prompt,冲突升级时，我可能会出现很强的“现在先离开这个场景”的冲动。,PASS,冲突升级时，我可能会出现很强的“现在先离开这个场景”的冲动。,表达足够具体、接近日常语言。
CA15,research/v3/normative/questionnaire_candidate_freeze.yaml,parent_prompt,被误解时，我会很难忍住立刻继续解释，直到对方理解为止。,PASS,被误解时，我会很难忍住立刻继续解释，直到对方理解为止。,表达足够具体、接近日常语言。
CA16,research/v3/normative/questionnaire_candidate_freeze.yaml,parent_prompt,当争执让我明显过载时，我的第一需要往往不是继续讨论，而是先让强度降下来。,REWRITE,当争执已经让你很难受、很难继续想清楚时，你通常最需要什么？,当前表达包含研究/产品术语、抽象名词或不自然问卷腔。
CAP01,research/v3/normative/questionnaire_candidate_freeze.yaml,parent_prompt,接下来一个月，如果你真的开始稳定了解一个人，一周现实中大概有多少个 **相对稳定、可以提前安排的时间段** 用于见面？,PASS,接下来一个月，如果你真的开始稳定了解一个人，一周现实中大概有多少个 **相对稳定、可以提前安排的时间段** 用于见面？,表达足够具体、接近日常语言。
CAP01:option:1,research/v3/normative/questionnaire_candidate_freeze.yaml,response_option,0 个,PASS,0 个,表达直接，可保留。
CAP01:option:2,research/v3/normative/questionnaire_candidate_freeze.yaml,response_option,1 个,PASS,1 个,表达直接，可保留。
CAP01:option:3,research/v3/normative/questionnaire_candidate_freeze.yaml,response_option,2 个,PASS,2 个,表达直接，可保留。
CAP01:option:4,research/v3/normative/questionnaire_candidate_freeze.yaml,response_option,3 个,PASS,3 个,表达直接，可保留。
CAP01:option:5,research/v3/normative/questionnaire_candidate_freeze.yaml,response_option,4 个及以上,PASS,4 个及以上,表达直接，可保留。
CAP01:option:6,research/v3/normative/questionnaire_candidate_freeze.yaml,response_option,很难预测,PASS,很难预测,表达直接，可保留。
CAP02,research/v3/normative/questionnaire_candidate_freeze.yaml,parent_prompt,你的个人时间通常能提前多久比较确定？,PASS,你的个人时间通常能提前多久比较确定？,表达足够具体、接近日常语言。
CAP02:option:1,research/v3/normative/questionnaire_candidate_freeze.yaml,response_option,通常当天才能确定,PASS,通常当天才能确定,表达直接，可保留。
CAP02:option:2,research/v3/normative/questionnaire_candidate_freeze.yaml,response_option,提前 1 天左右,PASS,提前 1 天左右,表达直接，可保留。
CAP02:option:3,research/v3/normative/questionnaire_candidate_freeze.yaml,response_option,提前 2–3 天,PASS,提前 2–3 天,表达直接，可保留。
CAP02:option:4,research/v3/normative/questionnaire_candidate_freeze.yaml,response_option,提前约一周,PASS,提前约一周,表达直接，可保留。
CAP02:option:5,research/v3/normative/questionnaire_candidate_freeze.yaml,response_option,一周以上通常也比较确定,PASS,一周以上通常也比较确定,表达直接，可保留。
CAP02:option:6,research/v3/normative/questionnaire_candidate_freeze.yaml,response_option,没有固定规律,PASS,没有固定规律,表达直接，可保留。
CAP03,research/v3/normative/questionnaire_candidate_freeze.yaml,parent_prompt,过去 4 周，你因为工作、学习、家庭或精力问题，临时取消自己原本想参加的私人安排有多频繁？,PASS,过去 4 周，你因为工作、学习、家庭或精力问题，临时取消自己原本想参加的私人安排有多频繁？,表达足够具体、接近日常语言。
CAP03:option:1,research/v3/normative/questionnaire_candidate_freeze.yaml,response_option,0 次,PASS,0 次,表达直接，可保留。
CAP03:option:2,research/v3/normative/questionnaire_candidate_freeze.yaml,response_option,1 次,PASS,1 次,表达直接，可保留。
CAP03:option:3,research/v3/normative/questionnaire_candidate_freeze.yaml,response_option,2–3 次,PASS,2–3 次,表达直接，可保留。
CAP03:option:4,research/v3/normative/questionnaire_candidate_freeze.yaml,response_option,4–5 次,PASS,4–5 次,表达直接，可保留。
CAP03:option:5,research/v3/normative/questionnaire_candidate_freeze.yaml,response_option,6 次及以上,PASS,6 次及以上,表达直接，可保留。
CAP04,research/v3/normative/questionnaire_candidate_freeze.yaml,parent_prompt,过去 4 周里，你平均每周有多少时间是真正由自己决定、不会频繁被工作或其他责任临时占用的？,PASS,过去 4 周里，你平均每周有多少时间是真正由自己决定、不会频繁被工作或其他责任临时占用的？,表达足够具体、接近日常语言。
CAP04:option:1,research/v3/normative/questionnaire_candidate_freeze.yaml,response_option,几乎没有,PASS,几乎没有,表达直接，可保留。
CAP04:option:2,research/v3/normative/questionnaire_candidate_freeze.yaml,response_option,每周少于 2 小时,PASS,每周少于 2 小时,表达直接，可保留。
CAP04:option:3,research/v3/normative/questionnaire_candidate_freeze.yaml,response_option,2–5 小时,PASS,2–5 小时,表达直接，可保留。
CAP04:option:4,research/v3/normative/questionnaire_candidate_freeze.yaml,response_option,5–10 小时,PASS,5–10 小时,表达直接，可保留。
CAP04:option:5,research/v3/normative/questionnaire_candidate_freeze.yaml,response_option,10 小时以上,PASS,10 小时以上,表达直接，可保留。
CAP04:option:6,research/v3/normative/questionnaire_candidate_freeze.yaml,response_option,很难估计,PASS,很难估计,表达直接，可保留。
CAP05,research/v3/normative/questionnaire_candidate_freeze.yaml,parent_prompt,你的工作、学习或家庭安排是否经常出现临时变动，让你很难提前承诺私人时间？,PASS,你的工作、学习或家庭安排是否经常出现临时变动，让你很难提前承诺私人时间？,表达足够具体、接近日常语言。
CAP05:option:1,research/v3/normative/questionnaire_candidate_freeze.yaml,response_option,几乎不会,PASS,几乎不会,表达直接，可保留。
CAP05:option:2,research/v3/normative/questionnaire_candidate_freeze.yaml,response_option,偶尔,PASS,偶尔,表达直接，可保留。
CAP05:option:3,research/v3/normative/questionnaire_candidate_freeze.yaml,response_option,有时,PASS,有时,表达直接，可保留。
CAP05:option:4,research/v3/normative/questionnaire_candidate_freeze.yaml,response_option,经常,PASS,经常,表达直接，可保留。
CAP05:option:5,research/v3/normative/questionnaire_candidate_freeze.yaml,response_option,非常经常,PASS,非常经常,表达直接，可保留。
CAP06,research/v3/normative/questionnaire_candidate_freeze.yaml,parent_prompt,完成每天必须处理的事情以后，你通常还剩多少精力去认真了解一个新的人？,PASS,完成每天必须处理的事情以后，你通常还剩多少精力去认真了解一个新的人？,表达足够具体、接近日常语言。
CAP07,research/v3/normative/questionnaire_candidate_freeze.yaml,parent_prompt,最近一段时间，如果要持续记住一个新人的近况、回应他的事情并安排见面，你觉得这对自己会有多大额外负担？,PASS,最近一段时间，如果要持续记住一个新人的近况、回应他的事情并安排见面，你觉得这对自己会有多大额外负担？,表达足够具体、接近日常语言。
CAP07:option:1,research/v3/normative/questionnaire_candidate_freeze.yaml,response_option,几乎没有额外负担,PASS,几乎没有额外负担,表达直接，可保留。
CAP07:option:2,research/v3/normative/questionnaire_candidate_freeze.yaml,response_option,有一点,PASS,有一点,表达直接，可保留。
CAP07:option:3,research/v3/normative/questionnaire_candidate_freeze.yaml,response_option,中等,PASS,中等,表达直接，可保留。
CAP07:option:4,research/v3/normative/questionnaire_candidate_freeze.yaml,response_option,比较大,PASS,比较大,表达直接，可保留。
CAP07:option:5,research/v3/normative/questionnaire_candidate_freeze.yaml,response_option,非常大,PASS,非常大,表达直接，可保留。
CAP08,research/v3/normative/questionnaire_candidate_freeze.yaml,parent_prompt,最近 4 周，你是否常有“连自己的生活都只是勉强处理完”的感觉？,PASS,最近 4 周，你是否常有“连自己的生活都只是勉强处理完”的感觉？,表达足够具体、接近日常语言。
CAP08:option:1,research/v3/normative/questionnaire_candidate_freeze.yaml,response_option,几乎没有,PASS,几乎没有,表达直接，可保留。
CAP08:option:2,research/v3/normative/questionnaire_candidate_freeze.yaml,response_option,偶尔,PASS,偶尔,表达直接，可保留。
CAP08:option:3,research/v3/normative/questionnaire_candidate_freeze.yaml,response_option,有时,PASS,有时,表达直接，可保留。
CAP08:option:4,research/v3/normative/questionnaire_candidate_freeze.yaml,response_option,经常,PASS,经常,表达直接，可保留。
CAP08:option:5,research/v3/normative/questionnaire_candidate_freeze.yaml,response_option,几乎一直,PASS,几乎一直,表达直接，可保留。
CAP09,research/v3/normative/questionnaire_candidate_freeze.yaml,parent_prompt,忙完工作/学习后，你通常需要多长时间才能重新有心力处理私人关系和社交？,PASS,忙完工作/学习后，你通常需要多长时间才能重新有心力处理私人关系和社交？,表达足够具体、接近日常语言。
CAP09:option:1,research/v3/normative/questionnaire_candidate_freeze.yaml,response_option,基本不需要恢复,PASS,基本不需要恢复,表达直接，可保留。
CAP09:option:2,research/v3/normative/questionnaire_candidate_freeze.yaml,response_option,几十分钟,PASS,几十分钟,表达直接，可保留。
CAP09:option:3,research/v3/normative/questionnaire_candidate_freeze.yaml,response_option,1–2 小时,PASS,1–2 小时,表达直接，可保留。
CAP09:option:4,research/v3/normative/questionnaire_candidate_freeze.yaml,response_option,需要大半个晚上,PASS,需要大半个晚上,表达直接，可保留。
CAP09:option:5,research/v3/normative/questionnaire_candidate_freeze.yaml,response_option,通常要到第二天,PASS,通常要到第二天,表达直接，可保留。
CAP09:option:6,research/v3/normative/questionnaire_candidate_freeze.yaml,response_option,没有固定规律,PASS,没有固定规律,表达直接，可保留。
CAP10,research/v3/normative/questionnaire_candidate_freeze.yaml,parent_prompt,目前是否有下面这些会明显占用你未来 1–3 个月时间或精力的事情？（可多选）,PASS,目前是否有下面这些会明显占用你未来 1–3 个月时间或精力的事情？（可多选）,表达足够具体、接近日常语言。
CAP10:option:1,research/v3/normative/questionnaire_candidate_freeze.yaml,response_option,明显工作/学习高峰,PASS,明显工作/学习高峰,表达直接，可保留。
CAP10:option:2,research/v3/normative/questionnaire_candidate_freeze.yaml,response_option,搬家 / 换工作 / 考试,PASS,搬家 / 换工作 / 考试,表达直接，可保留。
CAP10:option:3,research/v3/normative/questionnaire_candidate_freeze.yaml,response_option,固定照护或家庭责任,PASS,固定照护或家庭责任,表达直接，可保留。
CAP10:option:4,research/v3/normative/questionnaire_candidate_freeze.yaml,response_option,身体状态或治疗安排,PASS,身体状态或治疗安排,表达直接，可保留。
CAP10:option:5,research/v3/normative/questionnaire_candidate_freeze.yaml,response_option,高频出差 / 倒班,PASS,高频出差 / 倒班,表达直接，可保留。
CAP10:option:6,research/v3/normative/questionnaire_candidate_freeze.yaml,response_option,重大财务或生活事件,PASS,重大财务或生活事件,表达直接，可保留。
CAP10:option:7,research/v3/normative/questionnaire_candidate_freeze.yaml,response_option,目前没有明显事件,PASS,目前没有明显事件,表达直接，可保留。
CAP10:option:8,research/v3/normative/questionnaire_candidate_freeze.yaml,response_option,其他,PASS,其他,表达直接，可保留。
CAP11,research/v3/normative/questionnaire_candidate_freeze.yaml,parent_prompt,如果目前有固定照护或家庭责任，它们大约占用你多少不可自由安排的时间？,PASS,如果目前有固定照护或家庭责任，它们大约占用你多少不可自由安排的时间？,表达足够具体、接近日常语言。
CAP11:option:1,research/v3/normative/questionnaire_candidate_freeze.yaml,response_option,基本没有固定照护责任,PASS,基本没有固定照护责任,表达直接，可保留。
CAP11:option:2,research/v3/normative/questionnaire_candidate_freeze.yaml,response_option,每周少于 3 小时,PASS,每周少于 3 小时,表达直接，可保留。
CAP11:option:3,research/v3/normative/questionnaire_candidate_freeze.yaml,response_option,每周 3–10 小时,PASS,每周 3–10 小时,表达直接，可保留。
CAP11:option:4,research/v3/normative/questionnaire_candidate_freeze.yaml,response_option,每周 10–20 小时,PASS,每周 10–20 小时,表达直接，可保留。
CAP11:option:5,research/v3/normative/questionnaire_candidate_freeze.yaml,response_option,每周 20 小时以上,PASS,每周 20 小时以上,表达直接，可保留。
CAP11:option:6,research/v3/normative/questionnaire_candidate_freeze.yaml,response_option,很难估计,PASS,很难估计,表达直接，可保留。
CAP12,research/v3/normative/questionnaire_candidate_freeze.yaml,parent_prompt,你预计未来 3 个月自己的时间和精力状态会：,PASS,你预计未来 3 个月自己的时间和精力状态会：,表达足够具体、接近日常语言。
CAP12:option:1,research/v3/normative/questionnaire_candidate_freeze.yaml,response_option,明显比现在更轻松,PASS,明显比现在更轻松,表达直接，可保留。
CAP12:option:2,research/v3/normative/questionnaire_candidate_freeze.yaml,response_option,略微更轻松,PASS,略微更轻松,表达直接，可保留。
CAP12:option:3,research/v3/normative/questionnaire_candidate_freeze.yaml,response_option,大致不变,PASS,大致不变,表达直接，可保留。
CAP12:option:4,research/v3/normative/questionnaire_candidate_freeze.yaml,response_option,略微更紧张,PASS,略微更紧张,表达直接，可保留。
CAP12:option:5,research/v3/normative/questionnaire_candidate_freeze.yaml,response_option,明显更紧张,PASS,明显更紧张,表达直接，可保留。
CAP12:option:6,research/v3/normative/questionnaire_candidate_freeze.yaml,response_option,很难预测,PASS,很难预测,表达直接，可保留。
CAP13,research/v3/normative/questionnaire_candidate_freeze.yaml,parent_prompt,如果近期真的遇到一个值得了解的人，在不严重影响工作和基本休息的前提下，你现实上能否维持每周至少一次相对完整的线下见面？,PASS,如果近期真的遇到一个值得了解的人，在不严重影响工作和基本休息的前提下，你现实上能否维持每周至少一次相对完整的线下见面？,表达足够具体、接近日常语言。
CAP14,research/v3/normative/questionnaire_candidate_freeze.yaml,parent_prompt,如果关系开始发展，你现实上能否在每周安排中稳定留出一部分时间给它，而不是只能临时挤时间？,PASS,如果关系开始发展，你现实上能否在每周安排中稳定留出一部分时间给它，而不是只能临时挤时间？,表达足够具体、接近日常语言。
CAP15,research/v3/normative/questionnaire_candidate_freeze.yaml,parent_prompt,为了开始一段关系，我愿意明显压缩自己的休息或原有安排。,PASS,为了开始一段关系，我愿意明显压缩自己的休息或原有安排。,表达足够具体、接近日常语言。
CF-S01,research/v3/normative/questionnaire_candidate_freeze.yaml,parent_prompt,对方为了避免一次小争执，对一件不影响你重大决定的小事说了不完全真实的话；后来被问到时承认。,PASS,对方为了避免一次小争执，对一件不影响你重大决定的小事说了不完全真实的话；后来被问到时承认。,表达足够具体、接近日常语言。
CF-S02,research/v3/normative/questionnaire_candidate_freeze.yaml,parent_prompt,对方持续隐瞒一件会影响你是否继续关系的重要事实，直到你自己发现。,PASS,对方持续隐瞒一件会影响你是否继续关系的重要事实，直到你自己发现。,表达足够具体、接近日常语言。
CF-S02:option:1,research/v3/normative/questionnaire_candidate_freeze.yaml,response_option,影响不大，仍可正常继续了解,PASS,影响不大，仍可正常继续了解,表达直接，可保留。
CF-S02:option:2,research/v3/normative/questionnaire_candidate_freeze.yaml,response_option,会明显降低继续了解意愿,PASS,会明显降低继续了解意愿,表达直接，可保留。
CF-S02:option:3,research/v3/normative/questionnaire_candidate_freeze.yaml,response_option,要看隐瞒原因、持续时间和之后是否负责,PASS,要看隐瞒原因、持续时间和之后是否负责,表达直接，可保留。
CF-S02:option:4,research/v3/normative/questionnaire_candidate_freeze.yaml,response_option,基本不会继续,PASS,基本不会继续,表达直接，可保留。
CF-S02:option:5,research/v3/normative/questionnaire_candidate_freeze.yaml,response_option,属于明确安全 / 质量红线,PASS,属于明确安全 / 质量红线,表达直接，可保留。
CF-S03,research/v3/normative/questionnaire_candidate_freeze.yaml,parent_prompt,对方答应了一件对你很重要的事情，但因为自己安排不好没有做到；他主动承认并提出补救。,PASS,对方答应了一件对你很重要的事情，但因为自己安排不好没有做到；他主动承认并提出补救。,表达足够具体、接近日常语言。
CF-S04,research/v3/normative/questionnaire_candidate_freeze.yaml,parent_prompt,争执中对方故意拿你非常在意的弱点羞辱你，事后说“我就是气头上”。,PASS,争执中对方故意拿你非常在意的弱点羞辱你，事后说“我就是气头上”。,表达足够具体、接近日常语言。
CP01,research/v3/normative/questionnaire_candidate_freeze.yaml,parent_prompt,当你已经明显感觉“继续说下去只会越来越乱”时，你最希望：,PASS,当你已经明显感觉“继续说下去只会越来越乱”时，你最希望：,表达足够具体、接近日常语言。
CP01:option:1,research/v3/normative/questionnaire_candidate_freeze.yaml,response_option,继续说，尽量当场讲清,PASS,继续说，尽量当场讲清,表达直接，可保留。
CP01:option:2,research/v3/normative/questionnaire_candidate_freeze.yaml,response_option,暂停 10–30 分钟,PASS,暂停 10–30 分钟,表达直接，可保留。
CP01:option:3,research/v3/normative/questionnaire_candidate_freeze.yaml,response_option,暂停 1–3 小时,PASS,暂停 1–3 小时,表达直接，可保留。
CP01:option:4,research/v3/normative/questionnaire_candidate_freeze.yaml,response_option,当天晚些时候再谈,PASS,当天晚些时候再谈,表达直接，可保留。
CP01:option:5,research/v3/normative/questionnaire_candidate_freeze.yaml,response_option,第二天再谈,PASS,第二天再谈,表达直接，可保留。
CP01:option:6,research/v3/normative/questionnaire_candidate_freeze.yaml,response_option,取决于问题,PASS,取决于问题,表达直接，可保留。
CP02,research/v3/normative/questionnaire_candidate_freeze.yaml,parent_prompt,如果只是普通但激烈的争执，你觉得一次暂停多久以后最容易重新进入可以讨论的状态？,PASS,如果只是普通但激烈的争执，你觉得一次暂停多久以后最容易重新进入可以讨论的状态？,表达足够具体、接近日常语言。
CP02:option:1,research/v3/normative/questionnaire_candidate_freeze.yaml,response_option,基本不需要暂停,PASS,基本不需要暂停,表达直接，可保留。
CP02:option:2,research/v3/normative/questionnaire_candidate_freeze.yaml,response_option,10–30 分钟,PASS,10–30 分钟,表达直接，可保留。
CP02:option:3,research/v3/normative/questionnaire_candidate_freeze.yaml,response_option,1–3 小时,PASS,1–3 小时,表达直接，可保留。
CP02:option:4,research/v3/normative/questionnaire_candidate_freeze.yaml,response_option,当天晚些时候,PASS,当天晚些时候,表达直接，可保留。
CP02:option:5,research/v3/normative/questionnaire_candidate_freeze.yaml,response_option,第二天,PASS,第二天,表达直接，可保留。
CP02:option:6,research/v3/normative/questionnaire_candidate_freeze.yaml,response_option,没有固定时长 / 看问题,PASS,没有固定时长 / 看问题,表达直接，可保留。
CP03,research/v3/normative/questionnaire_candidate_freeze.yaml,parent_prompt,对没有安全风险的普通关系冲突，你多需要“当天至少重新建立基本联系”，即使问题还没有完全解决？,PASS,对没有安全风险的普通关系冲突，你多需要“当天至少重新建立基本联系”，即使问题还没有完全解决？,表达足够具体、接近日常语言。
CP04,research/v3/normative/questionnaire_candidate_freeze.yaml,parent_prompt,如果一个重要分歧晚上仍没解决，只要双方明确约好第二天继续，你对“先睡一晚”通常有多舒服？,PASS,如果一个重要分歧晚上仍没解决，只要双方明确约好第二天继续，你对“先睡一晚”通常有多舒服？,表达足够具体、接近日常语言。
CP05,research/v3/normative/questionnaire_candidate_freeze.yaml,parent_prompt,当口头争执已经很难继续时，你是否会觉得先用文字整理清楚，再回来谈更容易？,PASS,当口头争执已经很难继续时，你是否会觉得先用文字整理清楚，再回来谈更容易？,表达足够具体、接近日常语言。
CP06,research/v3/normative/questionnaire_candidate_freeze.yaml,parent_prompt,如果你自己想继续谈，但对方已经明确说需要一小时冷静，你最理想的关系规则更接近：,REWRITE,如果你还想继续谈，但对方已经明确说想先冷静一小时，你更希望怎么处理？,删除“最理想的关系规则”。
CP06:option:1,research/v3/normative/questionnaire_candidate_freeze.yaml,response_option,只要对方说明何时回来，可以暂停,PASS,只要对方说明何时回来，可以暂停,表达直接，可保留。
CP06:option:2,research/v3/normative/questionnaire_candidate_freeze.yaml,response_option,重要问题最好继续说完,PASS,重要问题最好继续说完,表达直接，可保留。
CP06:option:3,research/v3/normative/questionnaire_candidate_freeze.yaml,response_option,可以停，但希望很快恢复基本联系,PASS,可以停，但希望很快恢复基本联系,表达直接，可保留。
CP06:option:4,research/v3/normative/questionnaire_candidate_freeze.yaml,response_option,取决于问题和当时强度,PASS,取决于问题和当时强度,表达直接，可保留。
CR-S01,research/v3/normative/questionnaire_candidate_freeze.yaml,parent_prompt,争执已经很激烈，你说：  “我现在真的听不进去了，我想停一小时，九点我们再谈。”,PASS,争执已经很激烈，你说：  “我现在真的听不进去了，我想停一小时，九点我们再谈。”,表达足够具体、接近日常语言。
CR-S01:option:1,research/v3/normative/questionnaire_candidate_freeze.yaml,response_option,主动回来，哪怕先说还需要慢慢谈,PASS,主动回来，哪怕先说还需要慢慢谈,表达直接，可保留。
CR-S01:option:2,research/v3/normative/questionnaire_candidate_freeze.yaml,response_option,等对方主动来找自己,PASS,等对方主动来找自己,表达直接，可保留。
CR-S01:option:3,research/v3/normative/questionnaire_candidate_freeze.yaml,response_option,觉得都冷静了，就没必要再谈,PASS,觉得都冷静了，就没必要再谈,表达直接，可保留。
CR-S01:option:4,research/v3/normative/questionnaire_candidate_freeze.yaml,response_option,找理由继续推迟,PASS,找理由继续推迟,表达直接，可保留。
CR-S01:option:5,research/v3/normative/questionnaire_candidate_freeze.yaml,response_option,先恢复普通联系，但不主动提问题,PASS,先恢复普通联系，但不主动提问题,表达直接，可保留。
CR-S01:option:6,research/v3/normative/questionnaire_candidate_freeze.yaml,response_option,取决于具体情况,PASS,取决于具体情况,表达直接，可保留。
CR-S02,research/v3/normative/questionnaire_candidate_freeze.yaml,parent_prompt,你原本答应晚上继续谈，但工作临时拖延，已经过了约定时间。,PASS,你原本答应晚上继续谈，但工作临时拖延，已经过了约定时间。,表达足够具体、接近日常语言。
CR-S02:option:1,research/v3/normative/questionnaire_candidate_freeze.yaml,response_option,提前 / 及时说明需要改时间,PASS,提前 / 及时说明需要改时间,表达直接，可保留。
CR-S02:option:2,research/v3/normative/questionnaire_candidate_freeze.yaml,response_option,忙完以后解释并重新定时间,PASS,忙完以后解释并重新定时间,表达直接，可保留。
CR-S02:option:3,research/v3/normative/questionnaire_candidate_freeze.yaml,response_option,等对方来问,PASS,等对方来问,表达直接，可保留。
CR-S02:option:4,research/v3/normative/questionnaire_candidate_freeze.yaml,response_option,觉得这种小事不用专门解释,PASS,觉得这种小事不用专门解释,表达直接，可保留。
CR-S02:option:5,research/v3/normative/questionnaire_candidate_freeze.yaml,response_option,取决于情况,PASS,取决于情况,表达直接，可保留。
CR-S03,research/v3/normative/questionnaire_candidate_freeze.yaml,parent_prompt,对方需要暂停，后来按约定主动回来，说：“我现在可以继续了。”,PASS,对方需要暂停，后来按约定主动回来，说：“我现在可以继续了。”,表达足够具体、接近日常语言。
CR-S03:option:1,research/v3/normative/questionnaire_candidate_freeze.yaml,response_option,说明自己还需要一点时间，并给新的时间,PASS,说明自己还需要一点时间，并给新的时间,表达直接，可保留。
CR-S03:option:2,research/v3/normative/questionnaire_candidate_freeze.yaml,response_option,勉强继续谈,PASS,勉强继续谈,表达直接，可保留。
CR-S03:option:3,research/v3/normative/questionnaire_candidate_freeze.yaml,response_option,拒绝再谈,PASS,拒绝再谈,表达直接，可保留。
CR-S03:option:4,research/v3/normative/questionnaire_candidate_freeze.yaml,response_option,先质问对方刚才为什么离开,PASS,先质问对方刚才为什么离开,表达直接，可保留。
CR-S03:option:5,research/v3/normative/questionnaire_candidate_freeze.yaml,response_option,取决于情况,PASS,取决于情况,表达直接，可保留。
CR-S04,research/v3/normative/questionnaire_candidate_freeze.yaml,parent_prompt,双方都冷静了，但今晚没有足够时间把问题彻底解决。,PASS,双方都冷静了，但今晚没有足够时间把问题彻底解决。,表达足够具体、接近日常语言。
CR-S04:option:1,research/v3/normative/questionnaire_candidate_freeze.yaml,response_option,完全不能接受，问题没解决前很难恢复普通互动,PASS,完全不能接受，问题没解决前很难恢复普通互动,表达直接，可保留。
CR-S04:option:2,research/v3/normative/questionnaire_candidate_freeze.yaml,response_option,比较难，但如果明确约好明天继续可以,PASS,比较难，但如果明确约好明天继续可以,表达直接，可保留。
CR-S04:option:3,research/v3/normative/questionnaire_candidate_freeze.yaml,response_option,大体可以接受,PASS,大体可以接受,表达直接，可保留。
CR-S04:option:4,research/v3/normative/questionnaire_candidate_freeze.yaml,response_option,很自然，可以先恢复基本联系再继续处理,PASS,很自然，可以先恢复基本联系再继续处理,表达直接，可保留。
CR-S04:option:5,research/v3/normative/questionnaire_candidate_freeze.yaml,response_option,取决于问题,PASS,取决于问题,表达直接，可保留。
CR-S05,research/v3/normative/questionnaire_candidate_freeze.yaml,parent_prompt,对方说：“刚才我说话太重了，对不起。”但导致争执的现实问题仍然没有解决。,PASS,对方说：“刚才我说话太重了，对不起。”但导致争执的现实问题仍然没有解决。,表达足够具体、接近日常语言。
CR-S05:option:1,research/v3/normative/questionnaire_candidate_freeze.yaml,response_option,情绪修复已经足够，问题可以以后再说,REWRITE,对方道歉以后，我可以先把现实问题放一放,删除“情绪修复”术语。
CR-S05:option:2,research/v3/normative/questionnaire_candidate_freeze.yaml,response_option,道歉很重要，但现实问题仍需要回来处理,PASS,道歉很重要，但现实问题仍需要回来处理,表达直接，可保留。
CR-S05:option:3,research/v3/normative/questionnaire_candidate_freeze.yaml,response_option,如果问题没解决，道歉本身意义不大,PASS,如果问题没解决，道歉本身意义不大,表达直接，可保留。
CR-S05:option:4,research/v3/normative/questionnaire_candidate_freeze.yaml,response_option,取决于具体问题,PASS,取决于具体问题,表达直接，可保留。
CR01,research/v3/normative/questionnaire_candidate_freeze.yaml,parent_prompt,冲突中如果我需要停一下，我通常能够直接告诉对方“我现在需要暂停”，而不是突然结束互动。,PASS,冲突中如果我需要停一下，我通常能够直接告诉对方“我现在需要暂停”，而不是突然结束互动。,表达足够具体、接近日常语言。
CR02,research/v3/normative/questionnaire_candidate_freeze.yaml,parent_prompt,如果要离开争执现场，我通常会让对方知道自己大概什么时候愿意重新谈。,PASS,如果要离开争执现场，我通常会让对方知道自己大概什么时候愿意重新谈。,表达足够具体、接近日常语言。
CR03,research/v3/normative/questionnaire_candidate_freeze.yaml,parent_prompt,我很生气时，有时会直接停止联系，让对方自己判断我什么时候恢复。,PASS,我很生气时，有时会直接停止联系，让对方自己判断我什么时候恢复。,表达足够具体、接近日常语言。
CR04,research/v3/normative/questionnaire_candidate_freeze.yaml,parent_prompt,即使我当时不想继续讨论，我也通常能够区分“现在不谈”和“以后不处理”。,PASS,即使我当时不想继续讨论，我也通常能够区分“现在不谈”和“以后不处理”。,表达足够具体、接近日常语言。
CR05,research/v3/normative/questionnaire_candidate_freeze.yaml,parent_prompt,我提出暂停时，通常是真的打算等状态好一些以后再把问题继续处理。,PASS,我提出暂停时，通常是真的打算等状态好一些以后再把问题继续处理。,表达足够具体、接近日常语言。
CR06,research/v3/normative/questionnaire_candidate_freeze.yaml,parent_prompt,已经和对方说好“晚点回来谈”的事情，我通常会主动回来，而不是等对方重新追问。,PASS,已经和对方说好“晚点回来谈”的事情，我通常会主动回来，而不是等对方重新追问。,表达足够具体、接近日常语言。
CR07,research/v3/normative/questionnaire_candidate_freeze.yaml,parent_prompt,冲突暂停以后，只要情绪已经过去，我有时会觉得问题也没必要再提了。,PASS,冲突暂停以后，只要情绪已经过去，我有时会觉得问题也没必要再提了。,表达足够具体、接近日常语言。
CR08,research/v3/normative/questionnaire_candidate_freeze.yaml,parent_prompt,如果我错过了原先说好的重启时间，我通常会主动更新，而不是继续没有说明地拖下去。,PASS,如果我错过了原先说好的重启时间，我通常会主动更新，而不是继续没有说明地拖下去。,表达足够具体、接近日常语言。
CR09,research/v3/normative/questionnaire_candidate_freeze.yaml,parent_prompt,即使问题还没有完全解决，我通常也能在暂停以后先恢复基本正常的联系。,PASS,即使问题还没有完全解决，我通常也能在暂停以后先恢复基本正常的联系。,表达足够具体、接近日常语言。
CR10,research/v3/normative/questionnaire_candidate_freeze.yaml,parent_prompt,重新开始谈之前，我能够让对方知道“我还是在这段关系里，只是这个问题还没解决”。,PASS,重新开始谈之前，我能够让对方知道“我还是在这段关系里，只是这个问题还没解决”。,表达足够具体、接近日常语言。
CR11,research/v3/normative/questionnaire_candidate_freeze.yaml,parent_prompt,冲突一旦让我很失望，之后即使继续联系，我也很难先恢复任何温和的互动。,PASS,冲突一旦让我很失望，之后即使继续联系，我也很难先恢复任何温和的互动。,表达足够具体、接近日常语言。
CR12,research/v3/normative/questionnaire_candidate_freeze.yaml,parent_prompt,一个重要问题如果只是因为双方太激动而暂停，我通常不会把“情绪过去了”当作“问题解决了”。,PASS,一个重要问题如果只是因为双方太激动而暂停，我通常不会把“情绪过去了”当作“问题解决了”。,表达足够具体、接近日常语言。
CR13,research/v3/normative/questionnaire_candidate_freeze.yaml,parent_prompt,对关系真正重要的分歧，我愿意在双方状态更好时重新拿出来谈。,PASS,对关系真正重要的分歧，我愿意在双方状态更好时重新拿出来谈。,表达足够具体、接近日常语言。
CR14,research/v3/normative/questionnaire_candidate_freeze.yaml,parent_prompt,如果上一次讨论没有结果，我通常能从“谁对谁错”转回“接下来具体怎么办”。,PASS,如果上一次讨论没有结果，我通常能从“谁对谁错”转回“接下来具体怎么办”。,表达足够具体、接近日常语言。
CR15,research/v3/normative/questionnaire_candidate_freeze.yaml,parent_prompt,有些问题我会反复暂停，但最后很久都没有真正重新处理。,PASS,有些问题我会反复暂停，但最后很久都没有真正重新处理。,表达足够具体、接近日常语言。
CR16,research/v3/normative/questionnaire_candidate_freeze.yaml,parent_prompt,冲突结束以后，如果发现双方对某件事的默认规则不同，我愿意把之后怎么做说得更明确。,REWRITE,吵完以后，如果发现两个人原来想的不一样，我愿意把以后遇到这种事怎么处理说清楚。,删除“默认规则”。
CR17,research/v3/normative/questionnaire_candidate_freeze.yaml,parent_prompt,同一个问题反复发生时，我通常会尝试改变之后的安排，而不只是每次吵完恢复正常。,PASS,同一个问题反复发生时，我通常会尝试改变之后的安排，而不只是每次吵完恢复正常。,表达足够具体、接近日常语言。
CR18,research/v3/normative/questionnaire_candidate_freeze.yaml,parent_prompt,我比较容易做到“和好”，但不一定会把导致冲突的结构问题真正处理掉。,REWRITE,我比较容易做到“和好”，但不一定会把真正导致这次争执的问题处理掉。,当前表达包含研究/产品术语、抽象名词或不自然问卷腔。
EX-P01,research/v3/normative/questionnaire_candidate_freeze.yaml,parent_prompt,周末有一个一直去、确定舒服的地方，同时看到一个没去过但似乎不错的新地方。你更希望伴侣通常：,PASS,周末有一个一直去、确定舒服的地方，同时看到一个没去过但似乎不错的新地方。你更希望伴侣通常：,表达足够具体、接近日常语言。
EX-P01:option:1,research/v3/normative/questionnaire_candidate_freeze.yaml,response_option,更常选熟悉的,PASS,更常选熟悉的,表达直接，可保留。
EX-P01:option:2,research/v3/normative/questionnaire_candidate_freeze.yaml,response_option,两边差不多,PASS,两边差不多,表达直接，可保留。
EX-P01:option:3,research/v3/normative/questionnaire_candidate_freeze.yaml,response_option,更常愿意试新的,PASS,更常愿意试新的,表达直接，可保留。
EX-P02,research/v3/normative/questionnaire_candidate_freeze.yaml,parent_prompt,在吃饭、休闲或娱乐上，你希望伴侣多久会主动提出一次“试试没体验过的东西”？,PASS,在吃饭、休闲或娱乐上，你希望伴侣多久会主动提出一次“试试没体验过的东西”？,表达足够具体、接近日常语言。
EX-P03,research/v3/normative/questionnaire_candidate_freeze.yaml,parent_prompt,遇到一个以前完全没接触、但风险不大的活动时，你希望伴侣：,PASS,遇到一个以前完全没接触、但风险不大的活动时，你希望伴侣：,表达足够具体、接近日常语言。
FACT01,research/v3/normative/questionnaire_candidate_freeze.yaml,parent_prompt,你的出生年份？,PASS,你的出生年份？,表达足够具体、接近日常语言。
FACT02,research/v3/normative/questionnaire_candidate_freeze.yaml,parent_prompt,你的性别？,PASS,你的性别？,表达足够具体、接近日常语言。
FACT02:option:1,research/v3/normative/questionnaire_candidate_freeze.yaml,response_option,男,PASS,男,表达直接，可保留。
FACT02:option:2,research/v3/normative/questionnaire_candidate_freeze.yaml,response_option,女,PASS,女,表达直接，可保留。
FACT02:option:3,research/v3/normative/questionnaire_candidate_freeze.yaml,response_option,其他 / 不说明,PASS,其他 / 不说明,表达直接，可保留。
FACT03,research/v3/normative/questionnaire_candidate_freeze.yaml,parent_prompt,你目前主要生活在大连哪个区域？,PASS,你目前主要生活在大连哪个区域？,表达足够具体、接近日常语言。
FACT03:option:1,research/v3/normative/questionnaire_candidate_freeze.yaml,response_option,高新区,PASS,高新区,表达直接，可保留。
FACT03:option:2,research/v3/normative/questionnaire_candidate_freeze.yaml,response_option,甘井子区,PASS,甘井子区,表达直接，可保留。
FACT03:option:3,research/v3/normative/questionnaire_candidate_freeze.yaml,response_option,沙河口区,PASS,沙河口区,表达直接，可保留。
FACT03:option:4,research/v3/normative/questionnaire_candidate_freeze.yaml,response_option,西岗区,PASS,西岗区,表达直接，可保留。
FACT03:option:5,research/v3/normative/questionnaire_candidate_freeze.yaml,response_option,中山区,PASS,中山区,表达直接，可保留。
FACT03:option:6,research/v3/normative/questionnaire_candidate_freeze.yaml,response_option,金普新区,PASS,金普新区,表达直接，可保留。
FACT03:option:7,research/v3/normative/questionnaire_candidate_freeze.yaml,response_option,旅顺口区,PASS,旅顺口区,表达直接，可保留。
FACT03:option:8,research/v3/normative/questionnaire_candidate_freeze.yaml,response_option,其他大连区域,PASS,其他大连区域,表达直接，可保留。
FACT04,research/v3/normative/questionnaire_candidate_freeze.yaml,parent_prompt,请确认你目前符合本次 Pilot 的基本条件。,REWRITE,请确认你目前符合参加这次问卷的基本条件。,当前表达包含研究/产品术语、抽象名词或不自然问卷腔。
FACT04:option:1,research/v3/normative/questionnaire_candidate_freeze.yaml,response_option,18岁及以上、未婚单身、目前在大连生活,PASS,18岁及以上、未婚单身、目前在大连生活,表达直接，可保留。
FACT04:option:2,research/v3/normative/questionnaire_candidate_freeze.yaml,response_option,不完全符合,PASS,不完全符合,表达直接，可保留。
FACT05,research/v3/normative/questionnaire_candidate_freeze.yaml,parent_prompt,你目前是否正在持续了解某个可能发展成恋爱关系的人？,PASS,你目前是否正在持续了解某个可能发展成恋爱关系的人？,表达足够具体、接近日常语言。
FACT05:option:1,research/v3/normative/questionnaire_candidate_freeze.yaml,response_option,没有,PASS,没有,表达直接，可保留。
FACT05:option:2,research/v3/normative/questionnaire_candidate_freeze.yaml,response_option,有一个正在了解的人,PASS,有一个正在了解的人,表达直接，可保留。
FACT05:option:3,research/v3/normative/questionnaire_candidate_freeze.yaml,response_option,有多个尚未明确的人,PASS,有多个尚未明确的人,表达直接，可保留。
FACT05:option:4,research/v3/normative/questionnaire_candidate_freeze.yaml,response_option,已有较稳定但尚未正式确定的关系,PASS,已有较稳定但尚未正式确定的关系,表达直接，可保留。
FACT05:option:5,research/v3/normative/questionnaire_candidate_freeze.yaml,response_option,不方便说明,PASS,不方便说明,表达直接，可保留。
FACT06,research/v3/normative/questionnaire_candidate_freeze.yaml,parent_prompt,你过去的认真恋爱经历更接近：,PASS,你过去的认真恋爱经历更接近：,表达足够具体、接近日常语言。
FACT06:option:1,research/v3/normative/questionnaire_candidate_freeze.yaml,response_option,从未有过认真恋爱关系,PASS,从未有过认真恋爱关系,表达直接，可保留。
FACT06:option:2,research/v3/normative/questionnaire_candidate_freeze.yaml,response_option,有过 1 段,PASS,有过 1 段,表达直接，可保留。
FACT06:option:3,research/v3/normative/questionnaire_candidate_freeze.yaml,response_option,有过 2–3 段,PASS,有过 2–3 段,表达直接，可保留。
FACT06:option:4,research/v3/normative/questionnaire_candidate_freeze.yaml,response_option,有过 4 段及以上,PASS,有过 4 段及以上,表达直接，可保留。
FACT06:option:5,research/v3/normative/questionnaire_candidate_freeze.yaml,response_option,不方便说明,PASS,不方便说明,表达直接，可保留。
FACT07,research/v3/normative/questionnaire_candidate_freeze.yaml,parent_prompt,如果有过认真关系，最近一段结束距今大约多久？,PASS,如果有过认真关系，最近一段结束距今大约多久？,表达足够具体、接近日常语言。
FACT07:option:1,research/v3/normative/questionnaire_candidate_freeze.yaml,response_option,3个月以内,PASS,3个月以内,表达直接，可保留。
FACT07:option:2,research/v3/normative/questionnaire_candidate_freeze.yaml,response_option,3–6个月,PASS,3–6个月,表达直接，可保留。
FACT07:option:3,research/v3/normative/questionnaire_candidate_freeze.yaml,response_option,6–12个月,PASS,6–12个月,表达直接，可保留。
FACT07:option:4,research/v3/normative/questionnaire_candidate_freeze.yaml,response_option,1–2年,PASS,1–2年,表达直接，可保留。
FACT07:option:5,research/v3/normative/questionnaire_candidate_freeze.yaml,response_option,2年以上,PASS,2年以上,表达直接，可保留。
FACT07:option:6,research/v3/normative/questionnaire_candidate_freeze.yaml,response_option,不适用 / 没有过,PASS,不适用 / 没有过,表达直接，可保留。
FACT08,research/v3/normative/questionnaire_candidate_freeze.yaml,parent_prompt,你目前最高完成的学历？,PASS,你目前最高完成的学历？,表达足够具体、接近日常语言。
FACT08:option:1,research/v3/normative/questionnaire_candidate_freeze.yaml,response_option,高中/中专及以下,PASS,高中/中专及以下,表达直接，可保留。
FACT08:option:2,research/v3/normative/questionnaire_candidate_freeze.yaml,response_option,大专,PASS,大专,表达直接，可保留。
FACT08:option:3,research/v3/normative/questionnaire_candidate_freeze.yaml,response_option,本科,PASS,本科,表达直接，可保留。
FACT08:option:4,research/v3/normative/questionnaire_candidate_freeze.yaml,response_option,硕士,PASS,硕士,表达直接，可保留。
FACT08:option:5,research/v3/normative/questionnaire_candidate_freeze.yaml,response_option,博士及以上,PASS,博士及以上,表达直接，可保留。
FACT08:option:6,research/v3/normative/questionnaire_candidate_freeze.yaml,response_option,其他 / 不说明,PASS,其他 / 不说明,表达直接，可保留。
FACT09,research/v3/normative/questionnaire_candidate_freeze.yaml,parent_prompt,你目前主要的工作 / 学习节奏更接近哪种？,PASS,你目前主要的工作 / 学习节奏更接近哪种？,表达足够具体、接近日常语言。
FACT09:option:1,research/v3/normative/questionnaire_candidate_freeze.yaml,response_option,固定日班 / 固定学习时间,PASS,固定日班 / 固定学习时间,表达直接，可保留。
FACT09:option:2,research/v3/normative/questionnaire_candidate_freeze.yaml,response_option,弹性时间,PASS,弹性时间,表达直接，可保留。
FACT09:option:3,research/v3/normative/questionnaire_candidate_freeze.yaml,response_option,经常加班,PASS,经常加班,表达直接，可保留。
FACT09:option:4,research/v3/normative/questionnaire_candidate_freeze.yaml,response_option,轮班 / 夜班,PASS,轮班 / 夜班,表达直接，可保留。
FACT09:option:5,research/v3/normative/questionnaire_candidate_freeze.yaml,response_option,高频出差,PASS,高频出差,表达直接，可保留。
FACT09:option:6,research/v3/normative/questionnaire_candidate_freeze.yaml,response_option,目前没有固定工作/学习安排,PASS,目前没有固定工作/学习安排,表达直接，可保留。
FACT09:option:7,research/v3/normative/questionnaire_candidate_freeze.yaml,response_option,其他,PASS,其他,表达直接，可保留。
FACT10,research/v3/normative/questionnaire_candidate_freeze.yaml,parent_prompt,如果你愿意提供，你目前个人税前月收入大致在哪个范围？,PASS,如果你愿意提供，你目前个人税前月收入大致在哪个范围？,表达足够具体、接近日常语言。
FACT10:option:1,research/v3/normative/questionnaire_candidate_freeze.yaml,response_option,5000 元以下,PASS,5000 元以下,表达直接，可保留。
FACT10:option:2,research/v3/normative/questionnaire_candidate_freeze.yaml,response_option,5000–10000 元,PASS,5000–10000 元,表达直接，可保留。
FACT10:option:3,research/v3/normative/questionnaire_candidate_freeze.yaml,response_option,10000–20000 元,PASS,10000–20000 元,表达直接，可保留。
FACT10:option:4,research/v3/normative/questionnaire_candidate_freeze.yaml,response_option,20000–30000 元,PASS,20000–30000 元,表达直接，可保留。
FACT10:option:5,research/v3/normative/questionnaire_candidate_freeze.yaml,response_option,30000–50000 元,PASS,30000–50000 元,表达直接，可保留。
FACT10:option:6,research/v3/normative/questionnaire_candidate_freeze.yaml,response_option,50000 元以上,PASS,50000 元以上,表达直接，可保留。
FACT10:option:7,research/v3/normative/questionnaire_candidate_freeze.yaml,response_option,收入波动很大 / 不适合按月,PASS,收入波动很大 / 不适合按月,表达直接，可保留。
FACT10:option:8,research/v3/normative/questionnaire_candidate_freeze.yaml,response_option,暂不提供,PASS,暂不提供,表达直接，可保留。
FT-S01,research/v3/normative/questionnaire_candidate_freeze.yaml,parent_prompt,你和正在认真了解的人约好今晚电话聊半小时。下午临时收到工作任务，基本确定今晚无法按时结束。你更接近哪种做法？,PASS,你和正在认真了解的人约好今晚电话聊半小时。下午临时收到工作任务，基本确定今晚无法按时结束。你更接近哪种做法？,表达足够具体、接近日常语言。
FT-S01:option:1,research/v3/normative/questionnaire_candidate_freeze.yaml,response_option,先不说，等到约定时间看能不能忙完,PASS,先不说，等到约定时间看能不能忙完,表达直接，可保留。
FT-S01:option:2,research/v3/normative/questionnaire_candidate_freeze.yaml,response_option,提前告诉对方今晚可能有变化，并主动讨论是否改时间,PASS,提前告诉对方今晚可能有变化，并主动讨论是否改时间,表达直接，可保留。
FT-S01:option:3,research/v3/normative/questionnaire_candidate_freeze.yaml,response_option,到时候如果没空再简单说一句,PASS,到时候如果没空再简单说一句,表达直接，可保留。
FT-S01:option:4,research/v3/normative/questionnaire_candidate_freeze.yaml,response_option,忙完再解释，毕竟工作突发很正常,PASS,忙完再解释，毕竟工作突发很正常,表达直接，可保留。
FT-S01:option:5,research/v3/normative/questionnaire_candidate_freeze.yaml,response_option,视关系阶段而定,PASS,视关系阶段而定,表达直接，可保留。
FT-S02,research/v3/normative/questionnaire_candidate_freeze.yaml,parent_prompt,对方问周末能不能见面，但你只有大约一半把握能空出来。,PASS,对方问周末能不能见面，但你只有大约一半把握能空出来。,表达足够具体、接近日常语言。
FT-S02:option:1,research/v3/normative/questionnaire_candidate_freeze.yaml,response_option,先答应，到时候再说,PASS,先答应，到时候再说,表达直接，可保留。
FT-S02:option:2,research/v3/normative/questionnaire_candidate_freeze.yaml,response_option,直接拒绝，等完全确定再约,PASS,直接拒绝，等完全确定再约,表达直接，可保留。
FT-S02:option:3,research/v3/normative/questionnaire_candidate_freeze.yaml,response_option,告诉对方目前只有一半把握，并给一个更确定的备选时间,PASS,告诉对方目前只有一半把握，并给一个更确定的备选时间,表达直接，可保留。
FT-S02:option:4,research/v3/normative/questionnaire_candidate_freeze.yaml,response_option,不马上回复，等自己完全确认,PASS,不马上回复，等自己完全确认,表达直接，可保留。
FT-S03,research/v3/normative/questionnaire_candidate_freeze.yaml,parent_prompt,昨晚聊到一件对方比较在意的事，你临时有事中断。第二天对方没有再提。,PASS,昨晚聊到一件对方比较在意的事，你临时有事中断。第二天对方没有再提。,表达足够具体、接近日常语言。
FT-S03:option:1,research/v3/normative/questionnaire_candidate_freeze.yaml,response_option,主动回来问是否继续,PASS,主动回来问是否继续,表达直接，可保留。
FT-S03:option:2,research/v3/normative/questionnaire_candidate_freeze.yaml,response_option,觉得对方没再提就是过去了,PASS,觉得对方没再提就是过去了,表达直接，可保留。
FT-S03:option:3,research/v3/normative/questionnaire_candidate_freeze.yaml,response_option,想起来再说,PASS,想起来再说,表达直接，可保留。
FT-S03:option:4,research/v3/normative/questionnaire_candidate_freeze.yaml,response_option,看事情严重程度,PASS,看事情严重程度,表达直接，可保留。
FT01,research/v3/normative/questionnaire_candidate_freeze.yaml,parent_prompt,当你明确告诉一个重要的人“晚点回复你”时，后来通常会主动回来把这件事接上。,PASS,当你明确告诉一个重要的人“晚点回复你”时，后来通常会主动回来把这件事接上。,表达足够具体、接近日常语言。
FT02,research/v3/normative/questionnaire_candidate_freeze.yaml,parent_prompt,已经约好的私人见面，只要没有真正的突发情况，你通常能按原计划完成。,PASS,已经约好的私人见面，只要没有真正的突发情况，你通常能按原计划完成。,表达足够具体、接近日常语言。
FT03,research/v3/normative/questionnaire_candidate_freeze.yaml,parent_prompt,如果你发现自己很可能赶不上或做不到已经答应的事情，通常会在对方来问之前先告诉他。,PASS,如果你发现自己很可能赶不上或做不到已经答应的事情，通常会在对方来问之前先告诉他。,表达足够具体、接近日常语言。
FT04,research/v3/normative/questionnaire_candidate_freeze.yaml,parent_prompt,工作或生活突然很忙时，你仍会想办法让重要的人知道自己现在是什么状态，而不是直接消失。,PASS,工作或生活突然很忙时，你仍会想办法让重要的人知道自己现在是什么状态，而不是直接消失。,表达足够具体、接近日常语言。
FT05,research/v3/normative/questionnaire_candidate_freeze.yaml,parent_prompt,一次重要谈话因为临时事情中断后，你通常会记得以后重新把它接起来。,PASS,一次重要谈话因为临时事情中断后，你通常会记得以后重新把它接起来。,表达足够具体、接近日常语言。
FT06,research/v3/normative/questionnaire_candidate_freeze.yaml,parent_prompt,你是否有过连续几次对同一个重要的人临时取消安排，却一直没有重新主动安排？,PASS,你是否有过连续几次对同一个重要的人临时取消安排，却一直没有重新主动安排？,表达足够具体、接近日常语言。
FT07,research/v3/normative/questionnaire_candidate_freeze.yaml,parent_prompt,为了不让别人失望，你有时会先答应下来，之后才发现自己其实很难做到。,PASS,为了不让别人失望，你有时会先答应下来，之后才发现自己其实很难做到。,表达足够具体、接近日常语言。
FT08,research/v3/normative/questionnaire_candidate_freeze.yaml,parent_prompt,对别人说过“我之后处理 / 联系 / 发给你”的事，你有多常因为忙或忘记而没有后续？,PASS,对别人说过“我之后处理 / 联系 / 发给你”的事，你有多常因为忙或忘记而没有后续？,表达足够具体、接近日常语言。
FT09,research/v3/normative/questionnaire_candidate_freeze.yaml,parent_prompt,因为自己原因取消一次重要见面后，你通常会主动提出新的时间，而不是等对方重新约。,PASS,因为自己原因取消一次重要见面后，你通常会主动提出新的时间，而不是等对方重新约。,表达足够具体、接近日常语言。
FT10,research/v3/normative/questionnaire_candidate_freeze.yaml,parent_prompt,当自己一段时间确实没有精力频繁联系时，你通常会直接说明，而不是继续给出自己做不到的联系承诺。,PASS,当自己一段时间确实没有精力频繁联系时，你通常会直接说明，而不是继续给出自己做不到的联系承诺。,表达足够具体、接近日常语言。
IDC-B01,research/v3/normative/questionnaire_candidate_freeze.yaml,parent_prompt,连续和任何人相处很久以后，我都会需要一个人恢复精力。,PASS,连续和任何人相处很久以后，我都会需要一个人恢复精力。,表达足够具体、接近日常语言。
IDC-B02,research/v3/normative/questionnaire_candidate_freeze.yaml,parent_prompt,即使是伴侣，我也认为有些信息完全可以永久只属于自己。,PASS,即使是伴侣，我也认为有些信息完全可以永久只属于自己。,表达足够具体、接近日常语言。
IDC-B03,research/v3/normative/questionnaire_candidate_freeze.yaml,parent_prompt,自己状态不好时，我通常会让伴侣知道。,PASS,自己状态不好时，我通常会让伴侣知道。,表达足够具体、接近日常语言。
IDC-B04,research/v3/normative/questionnaire_candidate_freeze.yaml,parent_prompt,即使关系很好，我也很难相信把重要事情交给别人不会出问题。,PASS,即使关系很好，我也很难相信把重要事情交给别人不会出问题。,表达足够具体、接近日常语言。
IDC-B05,research/v3/normative/questionnaire_candidate_freeze.yaml,parent_prompt,就算关系很稳定，伴侣也不应该替我决定重要的个人选择。,PASS,就算关系很稳定，伴侣也不应该替我决定重要的个人选择。,表达足够具体、接近日常语言。
IDC-B06,research/v3/normative/questionnaire_candidate_freeze.yaml,parent_prompt,即使非常爱一个人，我仍希望每周有固定的时间完全自己安排。,PASS,即使非常爱一个人，我仍希望每周有固定的时间完全自己安排。,表达足够具体、接近日常语言。
IDC-S01,research/v3/normative/questionnaire_candidate_freeze.yaml,parent_prompt,你遇到一个影响很大的工作/学习问题，自己已经处理了几天仍然没有解决。稳定交往的伴侣知道后说：“你不用一个人扛，我们一起想办法。”,PASS,你遇到一个影响很大的工作/学习问题，自己已经处理了几天仍然没有解决。稳定交往的伴侣知道后说：“你不用一个人扛，我们一起想办法。”,表达足够具体、接近日常语言。
IDC-S01.a,research/v3/normative/questionnaire_candidate_freeze.yaml,child_prompt,这种参与对你来说有多舒服？,PASS,这种参与对你来说有多舒服？,表达直接，可保留。
IDC-S01.b,research/v3/normative/questionnaire_candidate_freeze.yaml,child_prompt,你更接近哪种状态？,PASS,你更接近哪种状态？,表达直接，可保留。
IDC-S01.b:option:1,research/v3/normative/questionnaire_candidate_freeze.yaml,response_option,很愿意让对方真正参与,PASS,很愿意让对方真正参与,表达直接，可保留。
IDC-S01.b:option:2,research/v3/normative/questionnaire_candidate_freeze.yaml,response_option,可以听建议，但核心还是想自己处理,PASS,可以听建议，但核心还是想自己处理,表达直接，可保留。
IDC-S01.b:option:3,research/v3/normative/questionnaire_candidate_freeze.yaml,response_option,希望对方知道情况，但不要参与解决,PASS,希望对方知道情况，但不要参与解决,表达直接，可保留。
IDC-S01.b:option:4,research/v3/normative/questionnaire_candidate_freeze.yaml,response_option,会本能想把事情收回自己手里,PASS,会本能想把事情收回自己手里,表达直接，可保留。
IDC-S01.b:option:5,research/v3/normative/questionnaire_candidate_freeze.yaml,response_option,说不准,PASS,说不准,表达直接，可保留。
IDC-S02,research/v3/normative/questionnaire_candidate_freeze.yaml,parent_prompt,你在一件非常重视的事情上失败，而且自己觉得有些丢脸。伴侣没有追问，只是说：“如果你愿意讲，我想知道你现在真正是什么感觉。”,PASS,你在一件非常重视的事情上失败，而且自己觉得有些丢脸。伴侣没有追问，只是说：“如果你愿意讲，我想知道你现在真正是什么感觉。”,表达足够具体、接近日常语言。
IDC-S02.a,research/v3/normative/questionnaire_candidate_freeze.yaml,child_prompt,这种情况下，你内心的舒适程度更接近：,PASS,这种情况下，你内心的舒适程度更接近：,表达直接，可保留。
IDC-S02.b,research/v3/normative/questionnaire_candidate_freeze.yaml,child_prompt,你更接近哪种反应？,PASS,你更接近哪种反应？,表达直接，可保留。
IDC-S02.b:option:1,research/v3/normative/questionnaire_candidate_freeze.yaml,response_option,很自然地接受这种亲密 / 帮助 / 依靠,PASS,很自然地接受这种亲密 / 帮助 / 依靠,表达直接，可保留。
IDC-S02.b:option:2,research/v3/normative/questionnaire_candidate_freeze.yaml,response_option,可以接受，但需要自己保持一些控制,PASS,可以接受，但需要自己保持一些控制,表达直接，可保留。
IDC-S02.b:option:3,research/v3/normative/questionnaire_candidate_freeze.yaml,response_option,有点不舒服，但通常仍会让关系继续靠近,PASS,有点不舒服，但通常仍会让关系继续靠近,表达直接，可保留。
IDC-S02.b:option:4,research/v3/normative/questionnaire_candidate_freeze.yaml,response_option,会明显想减少对方的参与,PASS,会明显想减少对方的参与,表达直接，可保留。
IDC-S02.b:option:5,research/v3/normative/questionnaire_candidate_freeze.yaml,response_option,很难概括，要看关系阶段,PASS,很难概括，要看关系阶段,表达直接，可保留。
IDC-S03,research/v3/normative/questionnaire_candidate_freeze.yaml,parent_prompt,你生病几天，伴侣主动说可以帮你买药、送饭并处理一些琐事。,PASS,你生病几天，伴侣主动说可以帮你买药、送饭并处理一些琐事。,表达足够具体、接近日常语言。
IDC-S03.a,research/v3/normative/questionnaire_candidate_freeze.yaml,child_prompt,这种情况下，你内心的舒适程度更接近：,PASS,这种情况下，你内心的舒适程度更接近：,表达直接，可保留。
IDC-S03.b,research/v3/normative/questionnaire_candidate_freeze.yaml,child_prompt,你更接近哪种反应？,PASS,你更接近哪种反应？,表达直接，可保留。
IDC-S03.b:option:1,research/v3/normative/questionnaire_candidate_freeze.yaml,response_option,很自然地接受这种亲密 / 帮助 / 依靠,PASS,很自然地接受这种亲密 / 帮助 / 依靠,表达直接，可保留。
IDC-S03.b:option:2,research/v3/normative/questionnaire_candidate_freeze.yaml,response_option,可以接受，但需要自己保持一些控制,PASS,可以接受，但需要自己保持一些控制,表达直接，可保留。
IDC-S03.b:option:3,research/v3/normative/questionnaire_candidate_freeze.yaml,response_option,有点不舒服，但通常仍会让关系继续靠近,PASS,有点不舒服，但通常仍会让关系继续靠近,表达直接，可保留。
IDC-S03.b:option:4,research/v3/normative/questionnaire_candidate_freeze.yaml,response_option,会明显想减少对方的参与,PASS,会明显想减少对方的参与,表达直接，可保留。
IDC-S03.b:option:5,research/v3/normative/questionnaire_candidate_freeze.yaml,response_option,很难概括，要看关系阶段,PASS,很难概括，要看关系阶段,表达直接，可保留。
IDC-S04,research/v3/normative/questionnaire_candidate_freeze.yaml,parent_prompt,你们交往一段时间后，对方开始明显更愿意和你分享非常私人的感受，也希望你能同样更真实地表达自己。,PASS,你们交往一段时间后，对方开始明显更愿意和你分享非常私人的感受，也希望你能同样更真实地表达自己。,表达足够具体、接近日常语言。
IDC-S04.a,research/v3/normative/questionnaire_candidate_freeze.yaml,child_prompt,这种情况下，你内心的舒适程度更接近：,PASS,这种情况下，你内心的舒适程度更接近：,表达直接，可保留。
IDC-S04.b,research/v3/normative/questionnaire_candidate_freeze.yaml,child_prompt,你更接近哪种反应？,PASS,你更接近哪种反应？,表达直接，可保留。
IDC-S04.b:option:1,research/v3/normative/questionnaire_candidate_freeze.yaml,response_option,很自然地接受这种亲密 / 帮助 / 依靠,PASS,很自然地接受这种亲密 / 帮助 / 依靠,表达直接，可保留。
IDC-S04.b:option:2,research/v3/normative/questionnaire_candidate_freeze.yaml,response_option,可以接受，但需要自己保持一些控制,PASS,可以接受，但需要自己保持一些控制,表达直接，可保留。
IDC-S04.b:option:3,research/v3/normative/questionnaire_candidate_freeze.yaml,response_option,有点不舒服，但通常仍会让关系继续靠近,PASS,有点不舒服，但通常仍会让关系继续靠近,表达直接，可保留。
IDC-S04.b:option:4,research/v3/normative/questionnaire_candidate_freeze.yaml,response_option,会明显想减少对方的参与,PASS,会明显想减少对方的参与,表达直接，可保留。
IDC-S04.b:option:5,research/v3/normative/questionnaire_candidate_freeze.yaml,response_option,很难概括，要看关系阶段,PASS,很难概括，要看关系阶段,表达直接，可保留。
IDC-S05,research/v3/normative/questionnaire_candidate_freeze.yaml,parent_prompt,因为临时状况，你有一件非常重要的事情必须依靠伴侣帮忙才能完成。,PASS,因为临时状况，你有一件非常重要的事情必须依靠伴侣帮忙才能完成。,表达足够具体、接近日常语言。
IDC-S05.a,research/v3/normative/questionnaire_candidate_freeze.yaml,child_prompt,这种情况下，你内心的舒适程度更接近：,PASS,这种情况下，你内心的舒适程度更接近：,表达直接，可保留。
IDC-S05.b,research/v3/normative/questionnaire_candidate_freeze.yaml,child_prompt,你更接近哪种反应？,PASS,你更接近哪种反应？,表达直接，可保留。
IDC-S05.b:option:1,research/v3/normative/questionnaire_candidate_freeze.yaml,response_option,很自然地接受这种亲密 / 帮助 / 依靠,PASS,很自然地接受这种亲密 / 帮助 / 依靠,表达直接，可保留。
IDC-S05.b:option:2,research/v3/normative/questionnaire_candidate_freeze.yaml,response_option,可以接受，但需要自己保持一些控制,PASS,可以接受，但需要自己保持一些控制,表达直接，可保留。
IDC-S05.b:option:3,research/v3/normative/questionnaire_candidate_freeze.yaml,response_option,有点不舒服，但通常仍会让关系继续靠近,PASS,有点不舒服，但通常仍会让关系继续靠近,表达直接，可保留。
IDC-S05.b:option:4,research/v3/normative/questionnaire_candidate_freeze.yaml,response_option,会明显想减少对方的参与,PASS,会明显想减少对方的参与,表达直接，可保留。
IDC-S05.b:option:5,research/v3/normative/questionnaire_candidate_freeze.yaml,response_option,很难概括，要看关系阶段,PASS,很难概括，要看关系阶段,表达直接，可保留。
IDC01,research/v3/normative/questionnaire_candidate_freeze.yaml,parent_prompt,当一段关系逐渐变得重要、彼此越来越了解时，我通常不会因为“太近了”而本能地想退开一些。,PASS,当一段关系逐渐变得重要、彼此越来越了解时，我通常不会因为“太近了”而本能地想退开一些。,表达足够具体、接近日常语言。
IDC02,research/v3/normative/questionnaire_candidate_freeze.yaml,parent_prompt,和一个我真正信任的人建立很深的情感连接，对我来说总体是舒服的。,PASS,和一个我真正信任的人建立很深的情感连接，对我来说总体是舒服的。,表达足够具体、接近日常语言。
IDC03,research/v3/normative/questionnaire_candidate_freeze.yaml,parent_prompt,即使一段关系很好，亲密程度持续增加有时也会让我开始觉得有些被压住。,PASS,即使一段关系很好，亲密程度持续增加有时也会让我开始觉得有些被压住。,表达足够具体、接近日常语言。
IDC04,research/v3/normative/questionnaire_candidate_freeze.yaml,parent_prompt,当我和一个人的关系真正进入“彼此很重要”的阶段，我通常可以适应这种靠近，而不需要因为亲密本身刻意制造距离。,PASS,当我和一个人的关系真正进入“彼此很重要”的阶段，我通常可以适应这种靠近，而不需要因为亲密本身刻意制造距离。,表达足够具体、接近日常语言。
IDC05,research/v3/normative/questionnaire_candidate_freeze.yaml,parent_prompt,在我真正信任的伴侣面前，让对方知道自己有害怕、没有把握或做得不好的地方，对我来说并不是特别困难。,PASS,在我真正信任的伴侣面前，让对方知道自己有害怕、没有把握或做得不好的地方，对我来说并不是特别困难。,表达足够具体、接近日常语言。
IDC06,research/v3/normative/questionnaire_candidate_freeze.yaml,parent_prompt,即使关系很亲近，我也会倾向于把真正脆弱的部分留给自己。,PASS,即使关系很亲近，我也会倾向于把真正脆弱的部分留给自己。,表达足够具体、接近日常语言。
IDC07,research/v3/normative/questionnaire_candidate_freeze.yaml,parent_prompt,当一件事情让我很难受时，我能够想象自己把“我现在其实撑得不太好”直接告诉长期伴侣。,PASS,当一件事情让我很难受时，我能够想象自己把“我现在其实撑得不太好”直接告诉长期伴侣。,表达足够具体、接近日常语言。
IDC08,research/v3/normative/questionnaire_candidate_freeze.yaml,parent_prompt,如果我觉得自己某一面可能不够体面，我会很难让伴侣真正看到这一部分。,PASS,如果我觉得自己某一面可能不够体面，我会很难让伴侣真正看到这一部分。,表达足够具体、接近日常语言。
IDC09,research/v3/normative/questionnaire_candidate_freeze.yaml,parent_prompt,对我来说，亲密的一部分就是允许另一个人知道那些我不总能处理好的事情。,PASS,对我来说，亲密的一部分就是允许另一个人知道那些我不总能处理好的事情。,表达足够具体、接近日常语言。
IDC10,research/v3/normative/questionnaire_candidate_freeze.yaml,parent_prompt,真正遇到自己一个人很难处理的事情时，我能够接受向长期伴侣求助。,PASS,真正遇到自己一个人很难处理的事情时，我能够接受向长期伴侣求助。,表达足够具体、接近日常语言。
IDC11,research/v3/normative/questionnaire_candidate_freeze.yaml,parent_prompt,即使伴侣明确愿意帮忙，我也常觉得“最好还是我自己解决”。,PASS,即使伴侣明确愿意帮忙，我也常觉得“最好还是我自己解决”。,表达足够具体、接近日常语言。
IDC12,research/v3/normative/questionnaire_candidate_freeze.yaml,parent_prompt,一件重要事情需要依靠伴侣完成一部分，并不会天然让我觉得不舒服。,PASS,一件重要事情需要依靠伴侣完成一部分，并不会天然让我觉得不舒服。,表达足够具体、接近日常语言。
IDC13,research/v3/normative/questionnaire_candidate_freeze.yaml,parent_prompt,如果我发现自己开始“真的需要这个人”，这种依赖感本身可能让我有些想后退。,PASS,如果我发现自己开始“真的需要这个人”，这种依赖感本身可能让我有些想后退。,表达足够具体、接近日常语言。
IDC14,research/v3/normative/questionnaire_candidate_freeze.yaml,parent_prompt,我可以接受两个人长期相处以后，在一些事情上确实会彼此依靠，而不是凡事都必须完全独立。,PASS,我可以接受两个人长期相处以后，在一些事情上确实会彼此依靠，而不是凡事都必须完全独立。,表达足够具体、接近日常语言。
IDC15,research/v3/normative/questionnaire_candidate_freeze.yaml,parent_prompt,我状态很差时，如果伴侣主动照顾我，我通常能够接受这种帮助，而不是急着证明自己不需要。,PASS,我状态很差时，如果伴侣主动照顾我，我通常能够接受这种帮助，而不是急着证明自己不需要。,表达足够具体、接近日常语言。
IDC16,research/v3/normative/questionnaire_candidate_freeze.yaml,parent_prompt,别人为我做很多照顾性的事情时，即使我很需要，也可能让我有明显的负担感。,PASS,别人为我做很多照顾性的事情时，即使我很需要，也可能让我有明显的负担感。,表达足够具体、接近日常语言。
IDC17,research/v3/normative/questionnaire_candidate_freeze.yaml,parent_prompt,如果生病或遇到现实困难，我可以接受伴侣在一段时间里替我承担更多事情。,PASS,如果生病或遇到现实困难，我可以接受伴侣在一段时间里替我承担更多事情。,表达足够具体、接近日常语言。
IDC18,research/v3/normative/questionnaire_candidate_freeze.yaml,parent_prompt,当伴侣很认真地关心我的状态时，我通常不会因为这种关注本身而觉得被侵入。,PASS,当伴侣很认真地关心我的状态时，我通常不会因为这种关注本身而觉得被侵入。,表达足够具体、接近日常语言。
IM-AM01,research/v3/normative/questionnaire_candidate_freeze.yaml,parent_prompt,我现在并没有很清楚地知道，自己为什么一定要进入一段关系。,PASS,我现在并没有很清楚地知道，自己为什么一定要进入一段关系。,表达足够具体、接近日常语言。
IM-AM02,research/v3/normative/questionnaire_candidate_freeze.yaml,parent_prompt,我知道“谈恋爱”可能有很多好处，但这些理由目前没有哪一个真正让我很想行动。,PASS,我知道“谈恋爱”可能有很多好处，但这些理由目前没有哪一个真正让我很想行动。,表达足够具体、接近日常语言。
IM-AM03,research/v3/normative/questionnaire_candidate_freeze.yaml,parent_prompt,对我来说，“想找对象”这件事目前有一点像一个模糊念头，而不是很明确的个人目标。,PASS,对我来说，“想找对象”这件事目前有一点像一个模糊念头，而不是很明确的个人目标。,表达足够具体、接近日常语言。
IM-AM04,research/v3/normative/questionnaire_candidate_freeze.yaml,parent_prompt,如果有人问我“为什么现在想谈一段认真关系”，我可能很难给出自己真正认同的答案。,PASS,如果有人问我“为什么现在想谈一段认真关系”，我可能很难给出自己真正认同的答案。,表达足够具体、接近日常语言。
IM-EX01,research/v3/normative/questionnaire_candidate_freeze.yaml,parent_prompt,家人希望我尽快进入稳定关系，这确实会推动我去认识和考虑对象。,PASS,家人希望我尽快进入稳定关系，这确实会推动我去认识和考虑对象。,表达足够具体、接近日常语言。
IM-EX02,research/v3/normative/questionnaire_candidate_freeze.yaml,parent_prompt,周围同龄人的关系和婚姻进度，会让我更觉得自己现在应该开始认真找对象。,PASS,周围同龄人的关系和婚姻进度，会让我更觉得自己现在应该开始认真找对象。,表达足够具体、接近日常语言。
IM-EX03,research/v3/normative/questionnaire_candidate_freeze.yaml,parent_prompt,如果我进入一段稳定关系，会让一些对我重要的人更放心或更满意，这也是我的考虑之一。,PASS,如果我进入一段稳定关系，会让一些对我重要的人更放心或更满意，这也是我的考虑之一。,表达足够具体、接近日常语言。
IM-EX04,research/v3/normative/questionnaire_candidate_freeze.yaml,parent_prompt,有些现实生活安排会因为拥有稳定伴侣而变得更容易，这也是我想进入关系的原因之一。,PASS,有些现实生活安排会因为拥有稳定伴侣而变得更容易，这也是我想进入关系的原因之一。,表达足够具体、接近日常语言。
IM-EX05,research/v3/normative/questionnaire_candidate_freeze.yaml,parent_prompt,如果家里完全不再询问或催促，我现在主动找对象的动力会明显下降。,PASS,如果家里完全不再询问或催促，我现在主动找对象的动力会明显下降。,表达足够具体、接近日常语言。
IM-EX06,research/v3/normative/questionnaire_candidate_freeze.yaml,parent_prompt,如果身边同龄人也大多保持单身，我现在对进入关系的紧迫感会低不少。,PASS,如果身边同龄人也大多保持单身，我现在对进入关系的紧迫感会低不少。,表达足够具体、接近日常语言。
IM-ID01,research/v3/normative/questionnaire_candidate_freeze.yaml,parent_prompt,建立一段稳定的伴侣关系，是我自己认可的人生方向之一。,PASS,建立一段稳定的伴侣关系，是我自己认可的人生方向之一。,表达足够具体、接近日常语言。
IM-ID02,research/v3/normative/questionnaire_candidate_freeze.yaml,parent_prompt,即使真正经营关系需要付出不少精力，我仍认为这件事对我的人生有意义。,PASS,即使真正经营关系需要付出不少精力，我仍认为这件事对我的人生有意义。,表达足够具体、接近日常语言。
IM-ID03,research/v3/normative/questionnaire_candidate_freeze.yaml,parent_prompt,对我来说，拥有一段认真关系并不只是“感觉不错”，它本身也是我重视的人生目标。,PASS,对我来说，拥有一段认真关系并不只是“感觉不错”，它本身也是我重视的人生目标。,表达足够具体、接近日常语言。
IM-ID04,research/v3/normative/questionnaire_candidate_freeze.yaml,parent_prompt,如果未来一直没有建立稳定伴侣关系，我会觉得自己少实现了一个个人真正看重的人生部分。,PASS,如果未来一直没有建立稳定伴侣关系，我会觉得自己少实现了一个个人真正看重的人生部分。,表达足够具体、接近日常语言。
IM-IN01,research/v3/normative/questionnaire_candidate_freeze.yaml,parent_prompt,我期待的是两个人彼此喜欢、一起生活和建立亲密本身带来的体验。,PASS,我期待的是两个人彼此喜欢、一起生活和建立亲密本身带来的体验。,表达足够具体、接近日常语言。
IM-IN02,research/v3/normative/questionnaire_candidate_freeze.yaml,parent_prompt,如果关系是舒服的，我会觉得“和一个人一起经历生活”这件事本身就很吸引我。,PASS,如果关系是舒服的，我会觉得“和一个人一起经历生活”这件事本身就很吸引我。,表达足够具体、接近日常语言。
IM-IN03,research/v3/normative/questionnaire_candidate_freeze.yaml,parent_prompt,我想进入关系，一个重要原因是我确实喜欢长期亲密关系可能带来的陪伴和互动。,PASS,我想进入关系，一个重要原因是我确实喜欢长期亲密关系可能带来的陪伴和互动。,表达足够具体、接近日常语言。
IM-IN04,research/v3/normative/questionnaire_candidate_freeze.yaml,parent_prompt,即使没有任何现实上的“应该”，我仍然会觉得认真喜欢一个人、一起建立关系是件有吸引力的事。,PASS,即使没有任何现实上的“应该”，我仍然会觉得认真喜欢一个人、一起建立关系是件有吸引力的事。,表达足够具体、接近日常语言。
IM-NI01,research/v3/normative/questionnaire_candidate_freeze.yaml,parent_prompt,如果一直没有进入关系，我有时会担心这是不是说明自己哪里“不够好”。,PASS,如果一直没有进入关系，我有时会担心这是不是说明自己哪里“不够好”。,表达足够具体、接近日常语言。
IM-NI02,research/v3/normative/questionnaire_candidate_freeze.yaml,parent_prompt,当身边很多人都有稳定伴侣时，我会更容易觉得自己落后了。,PASS,当身边很多人都有稳定伴侣时，我会更容易觉得自己落后了。,表达足够具体、接近日常语言。
IM-NI03,research/v3/normative/questionnaire_candidate_freeze.yaml,parent_prompt,长期单身有时会让我产生一种“是不是我失败了”的感觉。,PASS,长期单身有时会让我产生一种“是不是我失败了”的感觉。,表达足够具体、接近日常语言。
IM-NI04,research/v3/normative/questionnaire_candidate_freeze.yaml,parent_prompt,我想进入关系，有一部分是在避免自己因为单身而产生负面的自我评价。,PASS,我想进入关系，有一部分是在避免自己因为单身而产生负面的自我评价。,表达足够具体、接近日常语言。
IM-PI01,research/v3/normative/questionnaire_candidate_freeze.yaml,parent_prompt,进入一段不错的关系，会让我觉得自己在人生这件事上也做得挺成功。,PASS,进入一段不错的关系，会让我觉得自己在人生这件事上也做得挺成功。,表达足够具体、接近日常语言。
IM-PI02,research/v3/normative/questionnaire_candidate_freeze.yaml,parent_prompt,如果有人真心选择和我建立稳定关系，我会更容易觉得自己是有吸引力、值得被选择的人。,PASS,如果有人真心选择和我建立稳定关系，我会更容易觉得自己是有吸引力、值得被选择的人。,表达足够具体、接近日常语言。
IM-PI03,research/v3/normative/questionnaire_candidate_freeze.yaml,parent_prompt,有一段让别人认可的关系，会让我对自己的整体状态更满意一些。,PASS,有一段让别人认可的关系，会让我对自己的整体状态更满意一些。,表达足够具体、接近日常语言。
IM-PI04,research/v3/normative/questionnaire_candidate_freeze.yaml,parent_prompt,能经营好一段关系，会让我觉得自己证明了某些个人能力。,PASS,能经营好一段关系，会让我觉得自己证明了某些个人能力。,表达足够具体、接近日常语言。
L3-CF01,research/v3/normative/questionnaire_candidate_freeze.yaml,parent_prompt,如果一方已经明显无法继续有效讨论，你最希望双方默认：,REWRITE,如果一方已经明显谈不下去了，你更希望怎么处理？,当前表达包含研究/产品术语、抽象名词或不自然问卷腔。
L3-CF01.a,research/v3/normative/questionnaire_candidate_freeze.yaml,child_prompt,你的首选规则是？,REWRITE,你最希望怎么处理？,当前表达偏测量学/调查语言，改成直接问用户。
L3-CF01.a:option:1,research/v3/normative/questionnaire_candidate_freeze.yaml,response_option,仍尽量当场说完,PASS,仍尽量当场说完,表达直接，可保留。
L3-CF01.a:option:2,research/v3/normative/questionnaire_candidate_freeze.yaml,response_option,允许暂停，但说明原因,PASS,允许暂停，但说明原因,表达直接，可保留。
L3-CF01.a:option:3,research/v3/normative/questionnaire_candidate_freeze.yaml,response_option,允许暂停，并给大概重启时间,PASS,允许暂停，并给大概重启时间,表达直接，可保留。
L3-CF01.a:option:4,research/v3/normative/questionnaire_candidate_freeze.yaml,response_option,任何一方都可以直接停止，之后再说,PASS,任何一方都可以直接停止，之后再说,表达直接，可保留。
L3-CF01.a:option:5,research/v3/normative/questionnaire_candidate_freeze.yaml,response_option,取决于问题,PASS,取决于问题,表达直接，可保留。
L3-CF01.b,research/v3/normative/questionnaire_candidate_freeze.yaml,child_prompt,哪些方案虽然不是首选，但你长期也可以接受？,REWRITE,还有哪些做法虽然不是最喜欢，但长期也能接受？,当前表达偏测量学/调查语言，改成直接问用户。
L3-CF01.b:option:1,research/v3/normative/questionnaire_candidate_freeze.yaml,response_option,仍尽量当场说完,PASS,仍尽量当场说完,表达直接，可保留。
L3-CF01.b:option:2,research/v3/normative/questionnaire_candidate_freeze.yaml,response_option,允许暂停，但说明原因,PASS,允许暂停，但说明原因,表达直接，可保留。
L3-CF01.b:option:3,research/v3/normative/questionnaire_candidate_freeze.yaml,response_option,允许暂停，并给大概重启时间,PASS,允许暂停，并给大概重启时间,表达直接，可保留。
L3-CF01.b:option:4,research/v3/normative/questionnaire_candidate_freeze.yaml,response_option,任何一方都可以直接停止，之后再说,PASS,任何一方都可以直接停止，之后再说,表达直接，可保留。
L3-CF02,research/v3/normative/questionnaire_candidate_freeze.yaml,parent_prompt,如果冲突中一方明确需要暂停，你认为最重要的返回规则是：,REWRITE,如果吵架时一方明确想暂停，你觉得最重要的是什么？,当前表达包含研究/产品术语、抽象名词或不自然问卷腔。
L3-CF02:option:1,research/v3/normative/questionnaire_candidate_freeze.yaml,response_option,不用承诺具体时间，之后自然恢复即可,PASS,不用承诺具体时间，之后自然恢复即可,表达直接，可保留。
L3-CF02:option:2,research/v3/normative/questionnaire_candidate_freeze.yaml,response_option,最好说明当天是否还会继续,PASS,最好说明当天是否还会继续,表达直接，可保留。
L3-CF02:option:3,research/v3/normative/questionnaire_candidate_freeze.yaml,response_option,应给一个大概返回时间,PASS,应给一个大概返回时间,表达直接，可保留。
L3-CF02:option:4,research/v3/normative/questionnaire_candidate_freeze.yaml,response_option,如果不能按原时间回来，应主动更新,PASS,如果不能按原时间回来，应主动更新,表达直接，可保留。
L3-CF02:option:5,research/v3/normative/questionnaire_candidate_freeze.yaml,response_option,取决于问题严重程度,PASS,取决于问题严重程度,表达直接，可保留。
L3-CF03,research/v3/normative/questionnaire_candidate_freeze.yaml,parent_prompt,情绪过去以后，如果现实问题仍没解决，你认为：,PASS,情绪过去以后，如果现实问题仍没解决，你认为：,表达足够具体、接近日常语言。
L3-CF03:option:1,research/v3/normative/questionnaire_candidate_freeze.yaml,response_option,能恢复正常就够了,PASS,能恢复正常就够了,表达直接，可保留。
L3-CF03:option:2,research/v3/normative/questionnaire_candidate_freeze.yaml,response_option,看问题是否还重要,PASS,看问题是否还重要,表达直接，可保留。
L3-CF03:option:3,research/v3/normative/questionnaire_candidate_freeze.yaml,response_option,重要问题必须找时间重新处理,PASS,重要问题必须找时间重新处理,表达直接，可保留。
L3-CF03:option:4,research/v3/normative/questionnaire_candidate_freeze.yaml,response_option,取决于具体情况,PASS,取决于具体情况,表达直接，可保留。
L3-CF04,research/v3/normative/questionnaire_candidate_freeze.yaml,parent_prompt,下面哪些行为对你属于冲突中的明确边界？,REWRITE,下面哪些行为是你吵架时明确不能接受的？,当前表达包含研究/产品术语、抽象名词或不自然问卷腔。
L3-CF04:option:1,research/v3/normative/questionnaire_candidate_freeze.yaml,response_option,辱骂 / 人身羞辱,PASS,辱骂 / 人身羞辱,表达直接，可保留。
L3-CF04:option:2,research/v3/normative/questionnaire_candidate_freeze.yaml,response_option,威胁分手来迫使对方让步,PASS,威胁分手来迫使对方让步,表达直接，可保留。
L3-CF04:option:3,research/v3/normative/questionnaire_candidate_freeze.yaml,response_option,砸东西或威吓,PASS,砸东西或威吓,表达直接，可保留。
L3-CF04:option:4,research/v3/normative/questionnaire_candidate_freeze.yaml,response_option,限制离开 / 阻止对方结束当下冲突,PASS,限制离开 / 阻止对方结束当下冲突,表达直接，可保留。
L3-CF04:option:5,research/v3/normative/questionnaire_candidate_freeze.yaml,response_option,公开羞辱或拉亲友围攻,PASS,公开羞辱或拉亲友围攻,表达直接，可保留。
L3-CF04:option:6,research/v3/normative/questionnaire_candidate_freeze.yaml,response_option,这些都属于明确边界,REWRITE,这些我都明确不能接受,去掉内部/抽象词。
L3-CG01,research/v3/normative/questionnaire_candidate_freeze.yaml,parent_prompt,一方得到外地非常好的职业机会，收入和发展明显提升；另一方当前工作也比较稳定。你更认可哪类决策逻辑？,REWRITE,一方拿到外地很好的工作机会，收入和发展都会明显变好；另一方现在的工作也比较稳定。你觉得两个人更应该怎么决定？,当前表达包含研究/产品术语、抽象名词或不自然问卷腔。
L3-CG01:option:1,research/v3/normative/questionnaire_candidate_freeze.yaml,response_option,职业机会更大的一方优先,PASS,职业机会更大的一方优先,表达直接，可保留。
L3-CG01:option:2,research/v3/normative/questionnaire_candidate_freeze.yaml,response_option,当前家庭基础更稳的一方优先,PASS,当前家庭基础更稳的一方优先,表达直接，可保留。
L3-CG01:option:3,research/v3/normative/questionnaire_candidate_freeze.yaml,response_option,比较双方长期损失后决定,PASS,比较双方长期损失后决定,表达直接，可保留。
L3-CG01:option:4,research/v3/normative/questionnaire_candidate_freeze.yaml,response_option,原则上不为工作长期分居,REWRITE,一般不会为了工作长期分开住,去掉内部/抽象词。
L3-CG01:option:5,research/v3/normative/questionnaire_candidate_freeze.yaml,response_option,可以先异地一段时间再决定,PASS,可以先异地一段时间再决定,表达直接，可保留。
L3-CG01:option:6,research/v3/normative/questionnaire_candidate_freeze.yaml,response_option,看具体情况,PASS,看具体情况,表达直接，可保留。
L3-CG02,research/v3/normative/questionnaire_candidate_freeze.yaml,parent_prompt,如果两个人的职业在同一时期都进入关键阶段，你认为：,PASS,如果两个人的职业在同一时期都进入关键阶段，你认为：,表达足够具体、接近日常语言。
L3-CG02:option:1,research/v3/normative/questionnaire_candidate_freeze.yaml,response_option,双方尽量不要求任何一方牺牲,PASS,双方尽量不要求任何一方牺牲,表达直接，可保留。
L3-CG02:option:2,research/v3/normative/questionnaire_candidate_freeze.yaml,response_option,按机会大小轮流优先,PASS,按机会大小轮流优先,表达直接，可保留。
L3-CG02:option:3,research/v3/normative/questionnaire_candidate_freeze.yaml,response_option,按家庭整体收益决定,PASS,按家庭整体收益决定,表达直接，可保留。
L3-CG02:option:4,research/v3/normative/questionnaire_candidate_freeze.yaml,response_option,按原有分工,PASS,按原有分工,表达直接，可保留。
L3-CG02:option:5,research/v3/normative/questionnaire_candidate_freeze.yaml,response_option,没有固定原则，逐次谈,REWRITE,不设固定规则，每次具体商量,去掉内部/抽象词。
L3-CG03,research/v3/normative/questionnaire_candidate_freeze.yaml,parent_prompt,如果因职业需要暂时异地，你认为一套可接受的关系安排至少应该明确哪些内容？,REWRITE,如果因为工作需要暂时异地，你觉得至少要先说清哪些事？,当前表达包含研究/产品术语、抽象名词或不自然问卷腔。
L3-CG03:option:1,research/v3/normative/questionnaire_candidate_freeze.yaml,response_option,能否接受异地,PASS,能否接受异地,表达直接，可保留。
L3-CG03:option:2,research/v3/normative/questionnaire_candidate_freeze.yaml,response_option,最长大概多久,PASS,最长大概多久,表达直接，可保留。
L3-CG03:option:3,research/v3/normative/questionnaire_candidate_freeze.yaml,response_option,最低见面频率,PASS,最低见面频率,表达直接，可保留。
L3-CG03:option:4,research/v3/normative/questionnaire_candidate_freeze.yaml,response_option,结束异地的条件,PASS,结束异地的条件,表达直接，可保留。
L3-CG03:option:5,research/v3/normative/questionnaire_candidate_freeze.yaml,response_option,以上都应该讨论清楚,PASS,以上都应该讨论清楚,表达直接，可保留。
L3-CG04,research/v3/normative/questionnaire_candidate_freeze.yaml,parent_prompt,如果伴侣获得一个短期收入降低、但本人非常看重且长期发展更好的职业机会，你认为：,PASS,如果伴侣获得一个短期收入降低、但本人非常看重且长期发展更好的职业机会，你认为：,表达足够具体、接近日常语言。
L3-CG04:option:1,research/v3/normative/questionnaire_candidate_freeze.yaml,response_option,原则上应支持本人选择,REWRITE,一般会支持对方自己决定,去掉内部/抽象词。
L3-CG04:option:2,research/v3/normative/questionnaire_candidate_freeze.yaml,response_option,应先看对共同财务 / 生活影响,PASS,应先看对共同财务 / 生活影响,表达直接，可保留。
L3-CG04:option:3,research/v3/normative/questionnaire_candidate_freeze.yaml,response_option,如果家庭成本明显增加应双方同意,PASS,如果家庭成本明显增加应双方同意,表达直接，可保留。
L3-CG04:option:4,research/v3/normative/questionnaire_candidate_freeze.yaml,response_option,短期收入下降通常不值得,PASS,短期收入下降通常不值得,表达直接，可保留。
L3-CG04:option:5,research/v3/normative/questionnaire_candidate_freeze.yaml,response_option,看具体情况,PASS,看具体情况,表达直接，可保留。
L3-CT01,research/v3/normative/questionnaire_candidate_freeze.yaml,parent_prompt,稳定交往以后，你理想中的日常联系频率和最低可接受频率分别更接近哪种？,REWRITE,稳定交往以后，你最舒服的联系频率大概怎样？少到什么程度你会觉得联系太少？,当前表达包含研究/产品术语、抽象名词或不自然问卷腔。
L3-CT01.ideal,research/v3/normative/questionnaire_candidate_freeze.yaml,child_prompt,理想频率：,REWRITE,你最舒服的联系频率：,当前表达偏测量学/调查语言，改成直接问用户。
L3-CT01.ideal:option:1,research/v3/normative/questionnaire_candidate_freeze.yaml,response_option,每天多次零散联系,PASS,每天多次零散联系,表达直接，可保留。
L3-CT01.ideal:option:2,research/v3/normative/questionnaire_candidate_freeze.yaml,response_option,每天至少一次完整交流,PASS,每天至少一次完整交流,表达直接，可保留。
L3-CT01.ideal:option:3,research/v3/normative/questionnaire_candidate_freeze.yaml,response_option,基本每天有一点联系,PASS,基本每天有一点联系,表达直接，可保留。
L3-CT01.ideal:option:4,research/v3/normative/questionnaire_candidate_freeze.yaml,response_option,两三天联系一次也舒服,PASS,两三天联系一次也舒服,表达直接，可保留。
L3-CT01.ideal:option:5,research/v3/normative/questionnaire_candidate_freeze.yaml,response_option,不需要固定频率,PASS,不需要固定频率,表达直接，可保留。
L3-CT01.minimum,research/v3/normative/questionnaire_candidate_freeze.yaml,child_prompt,最低仍觉得关系正常运行的频率：,REWRITE,少到什么频率时，你会开始觉得联系太少？,当前表达偏测量学/调查语言，改成直接问用户。
L3-CT01.minimum:option:1,research/v3/normative/questionnaire_candidate_freeze.yaml,response_option,每天多次,PASS,每天多次,表达直接，可保留。
L3-CT01.minimum:option:2,research/v3/normative/questionnaire_candidate_freeze.yaml,response_option,每天至少一次,PASS,每天至少一次,表达直接，可保留。
L3-CT01.minimum:option:3,research/v3/normative/questionnaire_candidate_freeze.yaml,response_option,基本每天一点,PASS,基本每天一点,表达直接，可保留。
L3-CT01.minimum:option:4,research/v3/normative/questionnaire_candidate_freeze.yaml,response_option,两三天一次,PASS,两三天一次,表达直接，可保留。
L3-CT01.minimum:option:5,research/v3/normative/questionnaire_candidate_freeze.yaml,response_option,只要见面/重要事情有联系即可,PASS,只要见面/重要事情有联系即可,表达直接，可保留。
L3-CT01.minimum:option:6,research/v3/normative/questionnaire_candidate_freeze.yaml,response_option,取决于双方原本模式,PASS,取决于双方原本模式,表达直接，可保留。
L3-CT02,research/v3/normative/questionnaire_candidate_freeze.yaml,parent_prompt,如果对方当天特别忙，你更容易接受哪种情况？,PASS,如果对方当天特别忙，你更容易接受哪种情况？,表达足够具体、接近日常语言。
L3-CT02:option:1,research/v3/normative/questionnaire_candidate_freeze.yaml,response_option,几乎不联系，只要提前说今天会很忙,PASS,几乎不联系，只要提前说今天会很忙,表达直接，可保留。
L3-CT02:option:2,research/v3/normative/questionnaire_candidate_freeze.yaml,response_option,零散回复几次,PASS,零散回复几次,表达直接，可保留。
L3-CT02:option:3,research/v3/normative/questionnaire_candidate_freeze.yaml,response_option,晚上固定联系一次,PASS,晚上固定联系一次,表达直接，可保留。
L3-CT02:option:4,research/v3/normative/questionnaire_candidate_freeze.yaml,response_option,仍希望和平时差不多,PASS,仍希望和平时差不多,表达直接，可保留。
L3-CT02:option:5,research/v3/normative/questionnaire_candidate_freeze.yaml,response_option,取决于具体情况,PASS,取决于具体情况,表达直接，可保留。
L3-CT03,research/v3/normative/questionnaire_candidate_freeze.yaml,parent_prompt,在没有提前说明的情况下，稳定交往中的伴侣多久没有任何回应，你会开始觉得“这已经不只是普通的忙”？,PASS,在没有提前说明的情况下，稳定交往中的伴侣多久没有任何回应，你会开始觉得“这已经不只是普通的忙”？,表达足够具体、接近日常语言。
L3-CT03:option:1,research/v3/normative/questionnaire_candidate_freeze.yaml,response_option,几小时,PASS,几小时,表达直接，可保留。
L3-CT03:option:2,research/v3/normative/questionnaire_candidate_freeze.yaml,response_option,半天,PASS,半天,表达直接，可保留。
L3-CT03:option:3,research/v3/normative/questionnaire_candidate_freeze.yaml,response_option,当天结束前,PASS,当天结束前,表达直接，可保留。
L3-CT03:option:4,research/v3/normative/questionnaire_candidate_freeze.yaml,response_option,约 24 小时,PASS,约 24 小时,表达直接，可保留。
L3-CT03:option:5,research/v3/normative/questionnaire_candidate_freeze.yaml,response_option,两三天,PASS,两三天,表达直接，可保留。
L3-CT03:option:6,research/v3/normative/questionnaire_candidate_freeze.yaml,response_option,没有固定标准,PASS,没有固定标准,表达直接，可保留。
L3-CT03:option:7,research/v3/normative/questionnaire_candidate_freeze.yaml,response_option,取决于原本的联系模式,PASS,取决于原本的联系模式,表达直接，可保留。
L3-CT04,research/v3/normative/questionnaire_candidate_freeze.yaml,parent_prompt,已经约好联系或见面，但对方发现自己无法按计划做到。你最希望的默认规则是：,REWRITE,已经约好联系或见面，但对方发现自己做不到。你最希望他怎么处理？,当前表达包含研究/产品术语、抽象名词或不自然问卷腔。
L3-CT04:option:1,research/v3/normative/questionnaire_candidate_freeze.yaml,response_option,只要最后解释即可,PASS,只要最后解释即可,表达直接，可保留。
L3-CT04:option:2,research/v3/normative/questionnaire_candidate_freeze.yaml,response_option,最好提前告诉,PASS,最好提前告诉,表达直接，可保留。
L3-CT04:option:3,research/v3/normative/questionnaire_candidate_freeze.yaml,response_option,提前告诉，并主动给替代安排,PASS,提前告诉，并主动给替代安排,表达直接，可保留。
L3-CT04:option:4,research/v3/normative/questionnaire_candidate_freeze.yaml,response_option,看事情重要程度,PASS,看事情重要程度,表达直接，可保留。
L3-CT05,research/v3/normative/questionnaire_candidate_freeze.yaml,parent_prompt,即使双方一周都很忙，你觉得最低保持什么，才仍会觉得“这段关系在正常运行”？,REWRITE,就算两个人一周都很忙，至少保持怎样的联系，你才不会觉得彼此已经断开了？,当前表达包含研究/产品术语、抽象名词或不自然问卷腔。
L3-CT05:option:1,research/v3/normative/questionnaire_candidate_freeze.yaml,response_option,不用固定,PASS,不用固定,表达直接，可保留。
L3-CT05:option:2,research/v3/normative/questionnaire_candidate_freeze.yaml,response_option,每天一点联系,PASS,每天一点联系,表达直接，可保留。
L3-CT05:option:3,research/v3/normative/questionnaire_candidate_freeze.yaml,response_option,每天至少一次完整交流,PASS,每天至少一次完整交流,表达直接，可保留。
L3-CT05:option:4,research/v3/normative/questionnaire_candidate_freeze.yaml,response_option,一周几次完整交流即可,PASS,一周几次完整交流即可,表达直接，可保留。
L3-CT05:option:5,research/v3/normative/questionnaire_candidate_freeze.yaml,response_option,固定见面比消息更重要,PASS,固定见面比消息更重要,表达直接，可保留。
L3-CT05:option:6,research/v3/normative/questionnaire_candidate_freeze.yaml,response_option,其他 / 看情况,PASS,其他 / 看情况,表达直接，可保留。
L3-CT06,research/v3/normative/questionnaire_candidate_freeze.yaml,parent_prompt,两个人已经稳定见面两个月，互动也明显亲密，但一直没有讨论是否排他、是否想继续发展。,REWRITE,两个人已经稳定见面两个月，也很亲密，但一直没说清楚是不是只和彼此约会、以后想不想继续发展。,当前表达包含研究/产品术语、抽象名词或不自然问卷腔。
L3-CT06.a,research/v3/normative/questionnaire_candidate_freeze.yaml,child_prompt,你更接近哪种想法？,PASS,你更接近哪种想法？,表达直接，可保留。
L3-CT06.a:option:1,research/v3/normative/questionnaire_candidate_freeze.yaml,response_option,完全可以，没必要急着定义,PASS,完全可以，没必要急着定义,表达直接，可保留。
L3-CT06.a:option:2,research/v3/normative/questionnaire_candidate_freeze.yaml,response_option,可以继续一段时间再看,PASS,可以继续一段时间再看,表达直接，可保留。
L3-CT06.a:option:3,research/v3/normative/questionnaire_candidate_freeze.yaml,response_option,会希望近期谈清楚双方方向,PASS,会希望近期谈清楚双方方向,表达直接，可保留。
L3-CT06.a:option:4,research/v3/normative/questionnaire_candidate_freeze.yaml,response_option,两个月仍完全不谈会让我难以接受,PASS,两个月仍完全不谈会让我难以接受,表达直接，可保留。
L3-CT06.a:option:5,research/v3/normative/questionnaire_candidate_freeze.yaml,response_option,取决于双方互动强度,REWRITE,看两个人平时见面和联系得有多频繁,“互动强度”过于抽象。
L3-CT06.b,research/v3/normative/questionnaire_candidate_freeze.yaml,child_prompt,如果其他方面很好，从现在起你最长还大概能接受这种状态持续多久？,PASS,如果其他方面很好，从现在起你最长还大概能接受这种状态持续多久？,表达直接，可保留。
L3-CT06.b:option:1,research/v3/normative/questionnaire_candidate_freeze.yaml,response_option,基本不想继续等,PASS,基本不想继续等,表达直接，可保留。
L3-CT06.b:option:2,research/v3/normative/questionnaire_candidate_freeze.yaml,response_option,再等几周,PASS,再等几周,表达直接，可保留。
L3-CT06.b:option:3,research/v3/normative/questionnaire_candidate_freeze.yaml,response_option,再等 1–2 个月,PASS,再等 1–2 个月,表达直接，可保留。
L3-CT06.b:option:4,research/v3/normative/questionnaire_candidate_freeze.yaml,response_option,再等 3 个月以上,PASS,再等 3 个月以上,表达直接，可保留。
L3-CT06.b:option:5,research/v3/normative/questionnaire_candidate_freeze.yaml,response_option,没有明确上限,PASS,没有明确上限,表达直接，可保留。
L3-CT06.b:option:6,research/v3/normative/questionnaire_candidate_freeze.yaml,response_option,取决于互动变化,PASS,取决于互动变化,表达直接，可保留。
L3-DP01,research/v3/normative/questionnaire_candidate_freeze.yaml,parent_prompt,长期伴侣知道彼此手机密码这件事，对你来说：,PASS,长期伴侣知道彼此手机密码这件事，对你来说：,表达足够具体、接近日常语言。
L3-DP01:option:1,research/v3/normative/questionnaire_candidate_freeze.yaml,response_option,完全不舒服,PASS,完全不舒服,表达直接，可保留。
L3-DP01:option:2,research/v3/normative/questionnaire_candidate_freeze.yaml,response_option,比较不舒服,PASS,比较不舒服,表达直接，可保留。
L3-DP01:option:3,research/v3/normative/questionnaire_candidate_freeze.yaml,response_option,都可以,PASS,都可以,表达直接，可保留。
L3-DP01:option:4,research/v3/normative/questionnaire_candidate_freeze.yaml,response_option,比较舒服,PASS,比较舒服,表达直接，可保留。
L3-DP01:option:5,research/v3/normative/questionnaire_candidate_freeze.yaml,response_option,完全不介意 / 很自然,PASS,完全不介意 / 很自然,表达直接，可保留。
L3-DP02,research/v3/normative/questionnaire_candidate_freeze.yaml,parent_prompt,即使伴侣知道手机密码，你认为未经再次询问时，他/她可以：,REWRITE,即使伴侣知道你的手机密码，不另外问你时，你觉得他/她可以做到哪一步？,当前表达包含研究/产品术语、抽象名词或不自然问卷腔。
L3-DP02:option:1,research/v3/normative/questionnaire_candidate_freeze.yaml,response_option,只在紧急或明确需要时使用,PASS,只在紧急或明确需要时使用,表达直接，可保留。
L3-DP02:option:2,research/v3/normative/questionnaire_candidate_freeze.yaml,response_option,接电话 / 导航等功能性使用,PASS,接电话 / 导航等功能性使用,表达直接，可保留。
L3-DP02:option:3,research/v3/normative/questionnaire_candidate_freeze.yaml,response_option,一般使用手机都可以，但不包括私人聊天,PASS,一般使用手机都可以，但不包括私人聊天,表达直接，可保留。
L3-DP02:option:4,research/v3/normative/questionnaire_candidate_freeze.yaml,response_option,大多数内容都可以直接查看,PASS,大多数内容都可以直接查看,表达直接，可保留。
L3-DP02:option:5,research/v3/normative/questionnaire_candidate_freeze.yaml,response_option,没有固定规则,REWRITE,要看当时是什么情况,“没有固定规则”可更自然。
L3-DP03,research/v3/normative/questionnaire_candidate_freeze.yaml,parent_prompt,假设伴侣知道你的手机密码。未经你询问或同意，他直接打开你的私人聊天记录，你对此：,PASS,假设伴侣知道你的手机密码。未经你询问或同意，他直接打开你的私人聊天记录，你对此：,表达足够具体、接近日常语言。
L3-DP04,research/v3/normative/questionnaire_candidate_freeze.yaml,parent_prompt,位置共享在下面哪些情境里对你是舒服的？,PASS,位置共享在下面哪些情境里对你是舒服的？,表达足够具体、接近日常语言。
L3-DP04:option:1,research/v3/normative/questionnaire_candidate_freeze.yaml,response_option,临时出行 / 接人等便利,PASS,临时出行 / 接人等便利,表达直接，可保留。
L3-DP04:option:2,research/v3/normative/questionnaire_candidate_freeze.yaml,response_option,安全需要时临时开启,PASS,安全需要时临时开启,表达直接，可保留。
L3-DP04:option:3,research/v3/normative/questionnaire_candidate_freeze.yaml,response_option,长期持续共享,PASS,长期持续共享,表达直接，可保留。
L3-DP04:option:4,research/v3/normative/questionnaire_candidate_freeze.yaml,response_option,伴侣要求时应当开启,PASS,伴侣要求时应当开启,表达直接，可保留。
L3-DP04:option:5,research/v3/normative/questionnaire_candidate_freeze.yaml,response_option,基本都不希望共享,PASS,基本都不希望共享,表达直接，可保留。
L3-DP05,research/v3/normative/questionnaire_candidate_freeze.yaml,parent_prompt,对手机、定位或聊天内容的分享，你更接近哪种原则？,REWRITE,关于手机、定位和聊天内容，你更希望两个人怎么做？,当前表达包含研究/产品术语、抽象名词或不自然问卷腔。
L3-DP05:option:1,research/v3/normative/questionnaire_candidate_freeze.yaml,response_option,我愿意主动分享，也认为伴侣通常有权要求查看,PASS,我愿意主动分享，也认为伴侣通常有权要求查看,表达直接，可保留。
L3-DP05:option:2,research/v3/normative/questionnaire_candidate_freeze.yaml,response_option,我愿意主动分享，但不认为伴侣因此有权要求查看,PASS,我愿意主动分享，但不认为伴侣因此有权要求查看,表达直接，可保留。
L3-DP05:option:3,research/v3/normative/questionnaire_candidate_freeze.yaml,response_option,我通常不愿分享，也不认为伴侣有权要求,PASS,我通常不愿分享，也不认为伴侣有权要求,表达直接，可保留。
L3-DP05:option:4,research/v3/normative/questionnaire_candidate_freeze.yaml,response_option,不同类型信息边界不同,REWRITE,不同的信息，我能接受的程度不一样,去掉内部/抽象词。
L3-DP05:option:5,research/v3/normative/questionnaire_candidate_freeze.yaml,response_option,我还没有明确想法,PASS,我还没有明确想法,表达直接，可保留。
L3-DP06,research/v3/normative/questionnaire_candidate_freeze.yaml,parent_prompt,如果长期伴侣明确不愿互相查看私人聊天记录，你更倾向认为：,PASS,如果长期伴侣明确不愿互相查看私人聊天记录，你更倾向认为：,表达足够具体、接近日常语言。
L3-DP06:option:1,research/v3/normative/questionnaire_candidate_freeze.yaml,response_option,这只是正常隐私边界,REWRITE,这只是正常的个人隐私,去掉内部/抽象词。
L3-DP06:option:2,research/v3/normative/questionnaire_candidate_freeze.yaml,response_option,会有一点不理解，但不代表有问题,PASS,会有一点不理解，但不代表有问题,表达直接，可保留。
L3-DP06:option:3,research/v3/normative/questionnaire_candidate_freeze.yaml,response_option,会明显降低安全感,PASS,会明显降低安全感,表达直接，可保留。
L3-DP06:option:4,research/v3/normative/questionnaire_candidate_freeze.yaml,response_option,会怀疑对方有事隐瞒,PASS,会怀疑对方有事隐瞒,表达直接，可保留。
L3-DP06:option:5,research/v3/normative/questionnaire_candidate_freeze.yaml,response_option,看具体关系,PASS,看具体关系,表达直接，可保留。
L3-FO01,research/v3/normative/questionnaire_candidate_freeze.yaml,parent_prompt,买房、搬家、婚育等重大决定，你更希望默认：,REWRITE,买房、搬家、要不要孩子这类大事，你更希望两个人怎么决定？,当前表达包含研究/产品术语、抽象名词或不自然问卷腔。
L3-FO01:option:1,research/v3/normative/questionnaire_candidate_freeze.yaml,response_option,两个人决定后再告诉父母,PASS,两个人决定后再告诉父母,表达直接，可保留。
L3-FO01:option:2,research/v3/normative/questionnaire_candidate_freeze.yaml,response_option,可以主动征求父母意见，但最终两个人决定,PASS,可以主动征求父母意见，但最终两个人决定,表达直接，可保留。
L3-FO01:option:3,research/v3/normative/questionnaire_candidate_freeze.yaml,response_option,重要决定最好得到双方父母基本支持,PASS,重要决定最好得到双方父母基本支持,表达直接，可保留。
L3-FO01:option:4,research/v3/normative/questionnaire_candidate_freeze.yaml,response_option,父母应共同参与,PASS,父母应共同参与,表达直接，可保留。
L3-FO01:option:5,research/v3/normative/questionnaire_candidate_freeze.yaml,response_option,取决于具体事情,PASS,取决于具体事情,表达直接，可保留。
L3-FO02,research/v3/normative/questionnaire_candidate_freeze.yaml,parent_prompt,春节 / 重要节日等，长期默认更希望：,REWRITE,春节、国庆或其他重要节日，你更希望平时怎么安排？,当前表达包含研究/产品术语、抽象名词或不自然问卷腔。
L3-FO02:option:1,research/v3/normative/questionnaire_candidate_freeze.yaml,response_option,轮流,PASS,轮流,表达直接，可保留。
L3-FO02:option:2,research/v3/normative/questionnaire_candidate_freeze.yaml,response_option,两边都安排,PASS,两边都安排,表达直接，可保留。
L3-FO02:option:3,research/v3/normative/questionnaire_candidate_freeze.yaml,response_option,优先某一方,PASS,优先某一方,表达直接，可保留。
L3-FO02:option:4,research/v3/normative/questionnaire_candidate_freeze.yaml,response_option,各自回家也可以,PASS,各自回家也可以,表达直接，可保留。
L3-FO02:option:5,research/v3/normative/questionnaire_candidate_freeze.yaml,response_option,建立自己的节日安排,PASS,建立自己的节日安排,表达直接，可保留。
L3-FO02:option:6,research/v3/normative/questionnaire_candidate_freeze.yaml,response_option,看具体情况,PASS,看具体情况,表达直接，可保留。
L3-FO03,research/v3/normative/questionnaire_candidate_freeze.yaml,parent_prompt,伴侣长期给父母固定经济支持，你对这件事的接受度：,PASS,伴侣长期给父母固定经济支持，你对这件事的接受度：,表达足够具体、接近日常语言。
L3-FO04,research/v3/normative/questionnaire_candidate_freeze.yaml,parent_prompt,如果一方父母未来需要长期照护，你认为更合理的默认原则是：,REWRITE,如果一方父母以后需要长期照顾，你觉得两个人更应该怎么安排？,当前表达包含研究/产品术语、抽象名词或不自然问卷腔。
L3-FO04:option:1,research/v3/normative/questionnaire_candidate_freeze.yaml,response_option,成年子女本人主要承担,REWRITE,主要由自己的子女承担,去掉内部/抽象词。
L3-FO04:option:2,research/v3/normative/questionnaire_candidate_freeze.yaml,response_option,伴侣也应共同承担较多,PASS,伴侣也应共同承担较多,表达直接，可保留。
L3-FO04:option:3,research/v3/normative/questionnaire_candidate_freeze.yaml,response_option,优先兄弟姐妹共同分担,PASS,优先兄弟姐妹共同分担,表达直接，可保留。
L3-FO04:option:4,research/v3/normative/questionnaire_candidate_freeze.yaml,response_option,优先经济支持 / 专业照护,PASS,优先经济支持 / 专业照护,表达直接，可保留。
L3-FO04:option:5,research/v3/normative/questionnaire_candidate_freeze.yaml,response_option,按双方现实能力协商,REWRITE,看两个人实际能承担多少再商量,去掉内部/抽象词。
L3-FO04:option:6,research/v3/normative/questionnaire_candidate_freeze.yaml,response_option,目前很难判断,PASS,目前很难判断,表达直接，可保留。
L3-FO05,research/v3/normative/questionnaire_candidate_freeze.yaml,parent_prompt,关于父母和伴侣共同居住，你的接受范围更接近：,PASS,关于父母和伴侣共同居住，你的接受范围更接近：,表达足够具体、接近日常语言。
L3-FO05.short,research/v3/normative/questionnaire_candidate_freeze.yaml,child_prompt,短期照顾性同住,PASS,短期照顾性同住,表达直接，可保留。
L3-FO05.phase,research/v3/normative/questionnaire_candidate_freeze.yaml,child_prompt,阶段性同住,PASS,阶段性同住,表达直接，可保留。
L3-FO05.long,research/v3/normative/questionnaire_candidate_freeze.yaml,child_prompt,长期同住,PASS,长期同住,表达直接，可保留。
L3-FO05.default,research/v3/normative/questionnaire_candidate_freeze.yaml,child_prompt,默认婚后与父母同住,REWRITE,结婚后长期和父母一起住,“默认婚后”像规则配置，不像用户语言。
L3-FO06,research/v3/normative/questionnaire_candidate_freeze.yaml,parent_prompt,两个人发生冲突以后，把问题告诉父母并请他们介入，你认为：,PASS,两个人发生冲突以后，把问题告诉父母并请他们介入，你认为：,表达足够具体、接近日常语言。
L3-FO06:option:1,research/v3/normative/questionnaire_candidate_freeze.yaml,response_option,一般不应该,PASS,一般不应该,表达直接，可保留。
L3-FO06:option:2,research/v3/normative/questionnaire_candidate_freeze.yaml,response_option,可以寻求情绪支持，但不应让父母介入决定,PASS,可以寻求情绪支持，但不应让父母介入决定,表达直接，可保留。
L3-FO06:option:3,research/v3/normative/questionnaire_candidate_freeze.yaml,response_option,严重问题可以,PASS,严重问题可以,表达直接，可保留。
L3-FO06:option:4,research/v3/normative/questionnaire_candidate_freeze.yaml,response_option,很正常,PASS,很正常,表达直接，可保留。
L3-FO06:option:5,research/v3/normative/questionnaire_candidate_freeze.yaml,response_option,看具体情况,PASS,看具体情况,表达直接，可保留。
L3-FO07,research/v3/normative/questionnaire_candidate_freeze.yaml,parent_prompt,你对“自己的父母”和“伴侣的父母”参与关系决策的规则，原则上应该：,REWRITE,你觉得双方父母参与两个人的决定时，应该按同样的标准吗？,当前表达包含研究/产品术语、抽象名词或不自然问卷腔。
L3-FO07:option:1,research/v3/normative/questionnaire_candidate_freeze.yaml,response_option,完全对称,PASS,完全对称,表达直接，可保留。
L3-FO07:option:2,research/v3/normative/questionnaire_candidate_freeze.yaml,response_option,原则对称，但照护 / 经济等现实责任可造成例外,REWRITE,双方尽量按同样标准，但照护、经济等现实情况可以例外,去掉内部/抽象词。
L3-FO07:option:3,research/v3/normative/questionnaire_candidate_freeze.yaml,response_option,可以明显不同,PASS,可以明显不同,表达直接，可保留。
L3-FO07:option:4,research/v3/normative/questionnaire_candidate_freeze.yaml,response_option,我还没认真想过,PASS,我还没认真想过,表达直接，可保留。
L3-HH01,research/v3/normative/questionnaire_candidate_freeze.yaml,parent_prompt,长期同居以后，你心里的“家务公平”更接近哪些原则？,REWRITE,以后如果一起住，你觉得怎样分家务才算公平？,当前表达包含研究/产品术语、抽象名词或不自然问卷腔。
L3-HH01.a,research/v3/normative/questionnaire_candidate_freeze.yaml,child_prompt,请选择最多 3 项。,PASS,请选择最多 3 项。,表达直接，可保留。
L3-HH01.a:option:1,research/v3/normative/questionnaire_candidate_freeze.yaml,response_option,双方投入时间尽量一样,PASS,双方投入时间尽量一样,表达直接，可保留。
L3-HH01.a:option:2,research/v3/normative/questionnaire_candidate_freeze.yaml,response_option,承担的任务数量尽量一样,PASS,承担的任务数量尽量一样,表达直接，可保留。
L3-HH01.a:option:3,research/v3/normative/questionnaire_candidate_freeze.yaml,response_option,按各自擅长 / 喜欢分,PASS,按各自擅长 / 喜欢分,表达直接，可保留。
L3-HH01.a:option:4,research/v3/normative/questionnaire_candidate_freeze.yaml,response_option,工作更忙的人可以暂时少做,PASS,工作更忙的人可以暂时少做,表达直接，可保留。
L3-HH01.a:option:5,research/v3/normative/questionnaire_candidate_freeze.yaml,response_option,收入更多不自动等于可以少做,PASS,收入更多不自动等于可以少做,表达直接，可保留。
L3-HH01.a:option:6,research/v3/normative/questionnaire_candidate_freeze.yaml,response_option,隐形的记忆、计划和协调工作也要算进去,PASS,隐形的记忆、计划和协调工作也要算进去,表达直接，可保留。
L3-HH01.a:option:7,research/v3/normative/questionnaire_candidate_freeze.yaml,response_option,阶段变化时动态重新调整,PASS,阶段变化时动态重新调整,表达直接，可保留。
L3-HH01.b,research/v3/normative/questionnaire_candidate_freeze.yaml,child_prompt,如果只能保留一个，最重要的是？,PASS,如果只能保留一个，最重要的是？,表达直接，可保留。
L3-HH01.b:option:1,research/v3/normative/questionnaire_candidate_freeze.yaml,response_option,双方投入时间尽量一样,PASS,双方投入时间尽量一样,表达直接，可保留。
L3-HH01.b:option:2,research/v3/normative/questionnaire_candidate_freeze.yaml,response_option,承担的任务数量尽量一样,PASS,承担的任务数量尽量一样,表达直接，可保留。
L3-HH01.b:option:3,research/v3/normative/questionnaire_candidate_freeze.yaml,response_option,按各自擅长 / 喜欢分,PASS,按各自擅长 / 喜欢分,表达直接，可保留。
L3-HH01.b:option:4,research/v3/normative/questionnaire_candidate_freeze.yaml,response_option,工作更忙的人可以暂时少做,PASS,工作更忙的人可以暂时少做,表达直接，可保留。
L3-HH01.b:option:5,research/v3/normative/questionnaire_candidate_freeze.yaml,response_option,收入更多不自动等于可以少做,PASS,收入更多不自动等于可以少做,表达直接，可保留。
L3-HH01.b:option:6,research/v3/normative/questionnaire_candidate_freeze.yaml,response_option,隐形的记忆、计划和协调工作也要算进去,PASS,隐形的记忆、计划和协调工作也要算进去,表达直接，可保留。
L3-HH01.b:option:7,research/v3/normative/questionnaire_candidate_freeze.yaml,response_option,阶段变化时动态重新调整,PASS,阶段变化时动态重新调整,表达直接，可保留。
L3-HH02,research/v3/normative/questionnaire_candidate_freeze.yaml,parent_prompt,以“预约一次家庭维修”为例，你觉得真正的任务负担应该包含哪些部分？,REWRITE,以“约一次家庭维修”为例，你觉得这件事算做完，应该包括哪些事？,当前表达包含研究/产品术语、抽象名词或不自然问卷腔。
L3-HH02:option:1,research/v3/normative/questionnaire_candidate_freeze.yaml,response_option,只看最后是谁打电话 / 执行,PASS,只看最后是谁打电话 / 执行,表达直接，可保留。
L3-HH02:option:2,research/v3/normative/questionnaire_candidate_freeze.yaml,response_option,发现问题和执行,PASS,发现问题和执行,表达直接，可保留。
L3-HH02:option:3,research/v3/normative/questionnaire_candidate_freeze.yaml,response_option,发现、记住、找方案、跟进与确认都算,PASS,发现、记住、找方案、跟进与确认都算,表达直接，可保留。
L3-HH02:option:4,research/v3/normative/questionnaire_candidate_freeze.yaml,response_option,我没想过这种区分,PASS,我没想过这种区分,表达直接，可保留。
L3-HH03,research/v3/normative/questionnaire_candidate_freeze.yaml,parent_prompt,如果未来共同生活，你更倾向使用哪种家务分工原则？,REWRITE,如果以后一起住，你更愿意怎么分家务？,当前表达包含研究/产品术语、抽象名词或不自然问卷腔。
L3-HH03:option:1,research/v3/normative/questionnaire_candidate_freeze.yaml,response_option,谁更擅长谁负责,PASS,谁更擅长谁负责,表达直接，可保留。
L3-HH03:option:2,research/v3/normative/questionnaire_candidate_freeze.yaml,response_option,尽量轮换,PASS,尽量轮换,表达直接，可保留。
L3-HH03:option:3,research/v3/normative/questionnaire_candidate_freeze.yaml,response_option,固定分工,PASS,固定分工,表达直接，可保留。
L3-HH03:option:4,research/v3/normative/questionnaire_candidate_freeze.yaml,response_option,共同做,PASS,共同做,表达直接，可保留。
L3-HH03:option:5,research/v3/normative/questionnaire_candidate_freeze.yaml,response_option,不预设，按实际情况,PASS,不预设，按实际情况,表达直接，可保留。
L3-HH04,research/v3/normative/questionnaire_candidate_freeze.yaml,parent_prompt,现在双方大致各承担一半家务。一方未来三个月工作突然非常忙，你认为：,PASS,现在双方大致各承担一半家务。一方未来三个月工作突然非常忙，你认为：,表达足够具体、接近日常语言。
L3-HH04:option:1,research/v3/normative/questionnaire_candidate_freeze.yaml,response_option,原分工尽量保持,PASS,原分工尽量保持,表达直接，可保留。
L3-HH04:option:2,research/v3/normative/questionnaire_candidate_freeze.yaml,response_option,另一方临时多承担，之后恢复,PASS,另一方临时多承担，之后恢复,表达直接，可保留。
L3-HH04:option:3,research/v3/normative/questionnaire_candidate_freeze.yaml,response_option,重新按双方总负荷调整,PASS,重新按双方总负荷调整,表达直接，可保留。
L3-HH04:option:4,research/v3/normative/questionnaire_candidate_freeze.yaml,response_option,可以通过外包等方式解决,PASS,可以通过外包等方式解决,表达直接，可保留。
L3-HH04:option:5,research/v3/normative/questionnaire_candidate_freeze.yaml,response_option,取决于具体情况,PASS,取决于具体情况,表达直接，可保留。
L3-MG01,research/v3/normative/questionnaire_candidate_freeze.yaml,parent_prompt,如果关系进入共同生活 / 准备结婚阶段，你认为双方对收入情况应该：,REWRITE,如果以后一起生活或准备结婚，你觉得双方应该把自己的收入情况说到什么程度？,当前表达包含研究/产品术语、抽象名词或不自然问卷腔。
L3-MG01:option:1,research/v3/normative/questionnaire_candidate_freeze.yaml,response_option,不需要精确知道,PASS,不需要精确知道,表达直接，可保留。
L3-MG01:option:2,research/v3/normative/questionnaire_candidate_freeze.yaml,response_option,知道大概即可,PASS,知道大概即可,表达直接，可保留。
L3-MG01:option:3,research/v3/normative/questionnaire_candidate_freeze.yaml,response_option,重要阶段应比较完整透明,REWRITE,到了重要阶段，收入情况应该基本说清楚,去掉内部/抽象词。
L3-MG01:option:4,research/v3/normative/questionnaire_candidate_freeze.yaml,response_option,共同财务前必须完整透明,REWRITE,准备一起管钱以前，收入情况应该完全说清楚,去掉内部/抽象词。
L3-MG01:option:5,research/v3/normative/questionnaire_candidate_freeze.yaml,response_option,看具体阶段,PASS,看具体阶段,表达直接，可保留。
L3-MG02,research/v3/normative/questionnaire_candidate_freeze.yaml,parent_prompt,在形成共同财务责任前，对现有债务你认为：,REWRITE,准备一起承担生活开支以前，你觉得现有债务应该说到什么程度？,当前表达包含研究/产品术语、抽象名词或不自然问卷腔。
L3-MG02:option:1,research/v3/normative/questionnaire_candidate_freeze.yaml,response_option,各自处理即可,PASS,各自处理即可,表达直接，可保留。
L3-MG02:option:2,research/v3/normative/questionnaire_candidate_freeze.yaml,response_option,重大债务需要说明,PASS,重大债务需要说明,表达直接，可保留。
L3-MG02:option:3,research/v3/normative/questionnaire_candidate_freeze.yaml,response_option,所有持续债务应说明,PASS,所有持续债务应说明,表达直接，可保留。
L3-MG02:option:4,research/v3/normative/questionnaire_candidate_freeze.yaml,response_option,双方应完全了解,PASS,双方应完全了解,表达直接，可保留。
L3-MG03,research/v3/normative/questionnaire_candidate_freeze.yaml,parent_prompt,假设关系已经进入长期共同生活阶段，你对账户结构更接近哪种想法？,REWRITE,如果已经长期一起生活，你更希望两个人平时怎么放钱、怎么管钱？,当前表达包含研究/产品术语、抽象名词或不自然问卷腔。
L3-MG03.a,research/v3/normative/questionnaire_candidate_freeze.yaml,child_prompt,最理想的是：,REWRITE,你最希望：,当前表达偏测量学/调查语言，改成直接问用户。
L3-MG03.a:option:1,research/v3/normative/questionnaire_candidate_freeze.yaml,response_option,完全独立,PASS,完全独立,表达直接，可保留。
L3-MG03.a:option:2,research/v3/normative/questionnaire_candidate_freeze.yaml,response_option,主要独立 + 共同生活账户,PASS,主要独立 + 共同生活账户,表达直接，可保留。
L3-MG03.a:option:3,research/v3/normative/questionnaire_candidate_freeze.yaml,response_option,共同账户 + 各自个人账户,PASS,共同账户 + 各自个人账户,表达直接，可保留。
L3-MG03.a:option:4,research/v3/normative/questionnaire_candidate_freeze.yaml,response_option,大部分共同,PASS,大部分共同,表达直接，可保留。
L3-MG03.a:option:5,research/v3/normative/questionnaire_candidate_freeze.yaml,response_option,完全共同,PASS,完全共同,表达直接，可保留。
L3-MG03.a:option:6,research/v3/normative/questionnaire_candidate_freeze.yaml,response_option,尚未形成观点,PASS,尚未形成观点,表达直接，可保留。
L3-MG03.b,research/v3/normative/questionnaire_candidate_freeze.yaml,child_prompt,哪些结构虽然不是首选，但你也能长期接受？,REWRITE,还有哪些方式虽然不是最喜欢，但长期也能接受？,当前表达偏测量学/调查语言，改成直接问用户。
L3-MG03.b:option:1,research/v3/normative/questionnaire_candidate_freeze.yaml,response_option,完全独立,PASS,完全独立,表达直接，可保留。
L3-MG03.b:option:2,research/v3/normative/questionnaire_candidate_freeze.yaml,response_option,主要独立 + 共同生活账户,PASS,主要独立 + 共同生活账户,表达直接，可保留。
L3-MG03.b:option:3,research/v3/normative/questionnaire_candidate_freeze.yaml,response_option,共同账户 + 各自个人账户,PASS,共同账户 + 各自个人账户,表达直接，可保留。
L3-MG03.b:option:4,research/v3/normative/questionnaire_candidate_freeze.yaml,response_option,大部分共同,PASS,大部分共同,表达直接，可保留。
L3-MG03.b:option:5,research/v3/normative/questionnaire_candidate_freeze.yaml,response_option,完全共同,PASS,完全共同,表达直接，可保留。
L3-MG04,research/v3/normative/questionnaire_candidate_freeze.yaml,parent_prompt,共同生活支出，你最容易接受的默认分担方式是：,REWRITE,一起生活的日常开支，你最容易接受怎么分？,当前表达包含研究/产品术语、抽象名词或不自然问卷腔。
L3-MG04:option:1,research/v3/normative/questionnaire_candidate_freeze.yaml,response_option,严格平分,PASS,严格平分,表达直接，可保留。
L3-MG04:option:2,research/v3/normative/questionnaire_candidate_freeze.yaml,response_option,按收入比例,PASS,按收入比例,表达直接，可保留。
L3-MG04:option:3,research/v3/normative/questionnaire_candidate_freeze.yaml,response_option,收入主要共同视为家庭资源,REWRITE,大部分收入放在一起，作为两个人共同的钱,去掉内部/抽象词。
L3-MG04:option:4,research/v3/normative/questionnaire_candidate_freeze.yaml,response_option,按项目分工,PASS,按项目分工,表达直接，可保留。
L3-MG04:option:5,research/v3/normative/questionnaire_candidate_freeze.yaml,response_option,谁方便谁多承担,PASS,谁方便谁多承担,表达直接，可保留。
L3-MG04:option:6,research/v3/normative/questionnaire_candidate_freeze.yaml,response_option,动态根据阶段调整,PASS,动态根据阶段调整,表达直接，可保留。
L3-MG05,research/v3/normative/questionnaire_candidate_freeze.yaml,parent_prompt,谈到共同支出时，你心里的“公平”主要更接近哪些原则？,REWRITE,说到共同开支，你觉得怎样分才算公平？,当前表达包含研究/产品术语、抽象名词或不自然问卷腔。
L3-MG05.a,research/v3/normative/questionnaire_candidate_freeze.yaml,child_prompt,请选择最多 3 个你认可的原则。,PASS,请选择最多 3 个你认可的原则。,表达直接，可保留。
L3-MG05.a:option:1,research/v3/normative/questionnaire_candidate_freeze.yaml,response_option,金额 / 任务尽量相等,PASS,金额 / 任务尽量相等,表达直接，可保留。
L3-MG05.a:option:2,research/v3/normative/questionnaire_candidate_freeze.yaml,response_option,按收入或能力比例,PASS,按收入或能力比例,表达直接，可保留。
L3-MG05.a:option:3,research/v3/normative/questionnaire_candidate_freeze.yaml,response_option,资源主要视为共同,REWRITE,大部分钱都更像是两个人共同的,删除抽象“资源”。
L3-MG05.a:option:4,research/v3/normative/questionnaire_candidate_freeze.yaml,response_option,尽量保留个人控制,PASS,尽量保留个人控制,表达直接，可保留。
L3-MG05.a:option:5,research/v3/normative/questionnaire_candidate_freeze.yaml,response_option,按现实需要动态调整,PASS,按现实需要动态调整,表达直接，可保留。
L3-MG05.a:option:6,research/v3/normative/questionnaire_candidate_freeze.yaml,response_option,不要求每次相等，但长期大致互惠,REWRITE,不用每次都一样多，长期来看差不多就行,删除“互惠”。
L3-MG05.b,research/v3/normative/questionnaire_candidate_freeze.yaml,child_prompt,其中最重要的一个是？,PASS,其中最重要的一个是？,表达直接，可保留。
L3-MG05.b:option:1,research/v3/normative/questionnaire_candidate_freeze.yaml,response_option,金额 / 任务尽量相等,PASS,金额 / 任务尽量相等,表达直接，可保留。
L3-MG05.b:option:2,research/v3/normative/questionnaire_candidate_freeze.yaml,response_option,按收入或能力比例,PASS,按收入或能力比例,表达直接，可保留。
L3-MG05.b:option:3,research/v3/normative/questionnaire_candidate_freeze.yaml,response_option,资源主要视为共同,REWRITE,大部分钱都更像是两个人共同的,删除抽象“资源”。
L3-MG05.b:option:4,research/v3/normative/questionnaire_candidate_freeze.yaml,response_option,尽量保留个人控制,PASS,尽量保留个人控制,表达直接，可保留。
L3-MG05.b:option:5,research/v3/normative/questionnaire_candidate_freeze.yaml,response_option,按现实需要动态调整,PASS,按现实需要动态调整,表达直接，可保留。
L3-MG05.b:option:6,research/v3/normative/questionnaire_candidate_freeze.yaml,response_option,不要求每次相等，但长期大致互惠,REWRITE,不用每次都一样多，长期来看差不多就行,删除“互惠”。
L3-MG06,research/v3/normative/questionnaire_candidate_freeze.yaml,parent_prompt,使用已经约定属于个人自由支配的钱时，你认为：,PASS,使用已经约定属于个人自由支配的钱时，你认为：,表达足够具体、接近日常语言。
L3-MG06:option:1,research/v3/normative/questionnaire_candidate_freeze.yaml,response_option,基本不用解释,PASS,基本不用解释,表达直接，可保留。
L3-MG06:option:2,research/v3/normative/questionnaire_candidate_freeze.yaml,response_option,超过某个较大金额应告知,PASS,超过某个较大金额应告知,表达直接，可保留。
L3-MG06:option:3,research/v3/normative/questionnaire_candidate_freeze.yaml,response_option,影响共同目标时应讨论,PASS,影响共同目标时应讨论,表达直接，可保留。
L3-MG06:option:4,research/v3/normative/questionnaire_candidate_freeze.yaml,response_option,所有明显消费都应讨论,PASS,所有明显消费都应讨论,表达直接，可保留。
L3-MG06:option:5,research/v3/normative/questionnaire_candidate_freeze.yaml,response_option,看具体情况,PASS,看具体情况,表达直接，可保留。
L3-MG07,research/v3/normative/questionnaire_candidate_freeze.yaml,parent_prompt,使用共同资金进行较大单笔消费时，你觉得从什么程度开始应该由双方共同决定？,PASS,使用共同资金进行较大单笔消费时，你觉得从什么程度开始应该由双方共同决定？,表达足够具体、接近日常语言。
L3-MG07:option:1,research/v3/normative/questionnaire_candidate_freeze.yaml,response_option,只要是共同资金就应共同决定,PASS,只要是共同资金就应共同决定,表达直接，可保留。
L3-MG07:option:2,research/v3/normative/questionnaire_candidate_freeze.yaml,response_option,约占家庭月可支配收入 10% 起,PASS,约占家庭月可支配收入 10% 起,表达直接，可保留。
L3-MG07:option:3,research/v3/normative/questionnaire_candidate_freeze.yaml,response_option,约 25% 起,PASS,约 25% 起,表达直接，可保留。
L3-MG07:option:4,research/v3/normative/questionnaire_candidate_freeze.yaml,response_option,约 50% 起,PASS,约 50% 起,表达直接，可保留。
L3-MG07:option:5,research/v3/normative/questionnaire_candidate_freeze.yaml,response_option,更高金额才需要,PASS,更高金额才需要,表达直接，可保留。
L3-MG07:option:6,research/v3/normative/questionnaire_candidate_freeze.yaml,response_option,更看用途而不是比例,PASS,更看用途而不是比例,表达直接，可保留。
L3-MG08,research/v3/normative/questionnaire_candidate_freeze.yaml,parent_prompt,一方长期给父母固定经济支持，关系进入共同财务后你认为：,REWRITE,两个人开始一起管钱以后，如果一方长期给父母固定经济支持，你觉得应该怎么处理？,当前表达包含研究/产品术语、抽象名词或不自然问卷腔。
L3-MG08:option:1,research/v3/normative/questionnaire_candidate_freeze.yaml,response_option,属于个人责任，不需共同决定,PASS,属于个人责任，不需共同决定,表达直接，可保留。
L3-MG08:option:2,research/v3/normative/questionnaire_candidate_freeze.yaml,response_option,可保留，但双方应知道,PASS,可保留，但双方应知道,表达直接，可保留。
L3-MG08:option:3,research/v3/normative/questionnaire_candidate_freeze.yaml,response_option,金额明显影响家庭时应共同讨论,PASS,金额明显影响家庭时应共同讨论,表达直接，可保留。
L3-MG08:option:4,research/v3/normative/questionnaire_candidate_freeze.yaml,response_option,任何固定支持都应共同同意,PASS,任何固定支持都应共同同意,表达直接，可保留。
L3-MG08:option:5,research/v3/normative/questionnaire_candidate_freeze.yaml,response_option,看具体情况,PASS,看具体情况,表达直接，可保留。
L3-MG09,research/v3/normative/questionnaire_candidate_freeze.yaml,parent_prompt,如果使用共同资金进行较高风险投资，你认为：,PASS,如果使用共同资金进行较高风险投资，你认为：,表达足够具体、接近日常语言。
L3-MG09:option:1,research/v3/normative/questionnaire_candidate_freeze.yaml,response_option,一方可在一定额度内自主决定,REWRITE,一定金额以内，可以自己决定,删除“自主决定”的制度化口吻。
L3-MG09:option:2,research/v3/normative/questionnaire_candidate_freeze.yaml,response_option,超过约定阈值需要双方同意,PASS,超过约定阈值需要双方同意,表达直接，可保留。
L3-MG09:option:3,research/v3/normative/questionnaire_candidate_freeze.yaml,response_option,共同资金原则上只做双方都接受的风险,REWRITE,两个人共同的钱，只做双方都能接受的投资,去掉内部/抽象词。
L3-MG09:option:4,research/v3/normative/questionnaire_candidate_freeze.yaml,response_option,看具体投资和金额,PASS,看具体投资和金额,表达直接，可保留。
L3-PO01,research/v3/normative/questionnaire_candidate_freeze.yaml,parent_prompt,如果未来孩子出生后需要频繁夜醒，一方第二天必须早起工作，另一方暂时休假，你觉得比较合理的初始安排是：,REWRITE,如果以后有孩子，经常半夜醒，一方第二天必须早起工作，另一方暂时休假，你觉得一开始怎么分比较合适？,当前表达包含研究/产品术语、抽象名词或不自然问卷腔。
L3-PO01.a,research/v3/normative/questionnaire_candidate_freeze.yaml,child_prompt,初始安排：,PASS,初始安排：,表达直接，可保留。
L3-PO01.a:option:1,research/v3/normative/questionnaire_candidate_freeze.yaml,response_option,休假方主要承担,PASS,休假方主要承担,表达直接，可保留。
L3-PO01.a:option:2,research/v3/normative/questionnaire_candidate_freeze.yaml,response_option,工作方仍固定承担一部分,PASS,工作方仍固定承担一部分,表达直接，可保留。
L3-PO01.a:option:3,research/v3/normative/questionnaire_candidate_freeze.yaml,response_option,轮流,PASS,轮流,表达直接，可保留。
L3-PO01.a:option:4,research/v3/normative/questionnaire_candidate_freeze.yaml,response_option,根据身体 / 喂养方式调整,PASS,根据身体 / 喂养方式调整,表达直接，可保留。
L3-PO01.a:option:5,research/v3/normative/questionnaire_candidate_freeze.yaml,response_option,没有固定，按实际状态,PASS,没有固定，按实际状态,表达直接，可保留。
L3-PO01.b,research/v3/normative/questionnaire_candidate_freeze.yaml,child_prompt,如果休假方连续两周明显睡眠不足，应怎样调整？,PASS,如果休假方连续两周明显睡眠不足，应怎样调整？,表达直接，可保留。
L3-PO01.b:option:1,research/v3/normative/questionnaire_candidate_freeze.yaml,response_option,仍维持原安排,PASS,仍维持原安排,表达直接，可保留。
L3-PO01.b:option:2,research/v3/normative/questionnaire_candidate_freeze.yaml,response_option,工作方增加承担,PASS,工作方增加承担,表达直接，可保留。
L3-PO01.b:option:3,research/v3/normative/questionnaire_candidate_freeze.yaml,response_option,重新按双方总负荷分配,PASS,重新按双方总负荷分配,表达直接，可保留。
L3-PO01.b:option:4,research/v3/normative/questionnaire_candidate_freeze.yaml,response_option,增加外部帮助 / 支持,PASS,增加外部帮助 / 支持,表达直接，可保留。
L3-PO01.b:option:5,research/v3/normative/questionnaire_candidate_freeze.yaml,response_option,看具体情况,PASS,看具体情况,表达直接，可保留。
L3-PO02,research/v3/normative/questionnaire_candidate_freeze.yaml,parent_prompt,如果孩子出生后必须有一方在一段时间内明显减少工作投入，你认为默认：,REWRITE,如果以后有孩子，必须有一个人在一段时间里少工作一些，你觉得应该怎么决定？,当前表达包含研究/产品术语、抽象名词或不自然问卷腔。
L3-PO02:option:1,research/v3/normative/questionnaire_candidate_freeze.yaml,response_option,收入低的一方调整,PASS,收入低的一方调整,表达直接，可保留。
L3-PO02:option:2,research/v3/normative/questionnaire_candidate_freeze.yaml,response_option,职业灵活的一方调整,PASS,职业灵活的一方调整,表达直接，可保留。
L3-PO02:option:3,research/v3/normative/questionnaire_candidate_freeze.yaml,response_option,机会成本低的一方调整,PASS,机会成本低的一方调整,表达直接，可保留。
L3-PO02:option:4,research/v3/normative/questionnaire_candidate_freeze.yaml,response_option,双方都调整,PASS,双方都调整,表达直接，可保留。
L3-PO02:option:5,research/v3/normative/questionnaire_candidate_freeze.yaml,response_option,优先外部照护,PASS,优先外部照护,表达直接，可保留。
L3-PO02:option:6,research/v3/normative/questionnaire_candidate_freeze.yaml,response_option,不预设性别，由现实决定,PASS,不预设性别，由现实决定,表达直接，可保留。
L3-PO02:option:7,research/v3/normative/questionnaire_candidate_freeze.yaml,response_option,其他,PASS,其他,表达直接，可保留。
L3-PO03,research/v3/normative/questionnaire_candidate_freeze.yaml,parent_prompt,如果未来祖辈参与育儿，你最希望把哪些部分明确区分开？,PASS,如果未来祖辈参与育儿，你最希望把哪些部分明确区分开？,表达足够具体、接近日常语言。
L3-PO03:option:1,research/v3/normative/questionnaire_candidate_freeze.yaml,response_option,提供日常帮助,PASS,提供日常帮助,表达直接，可保留。
L3-PO03:option:2,research/v3/normative/questionnaire_candidate_freeze.yaml,response_option,重大育儿决定权,PASS,重大育儿决定权,表达直接，可保留。
L3-PO03:option:3,research/v3/normative/questionnaire_candidate_freeze.yaml,response_option,是否同住,PASS,是否同住,表达直接，可保留。
L3-PO03:option:4,research/v3/normative/questionnaire_candidate_freeze.yaml,response_option,纪律 / 规则执行,PASS,纪律 / 规则执行,表达直接，可保留。
L3-PO03:option:5,research/v3/normative/questionnaire_candidate_freeze.yaml,response_option,经济贡献,PASS,经济贡献,表达直接，可保留。
L3-PO03:option:6,research/v3/normative/questionnaire_candidate_freeze.yaml,response_option,以上都需要区分,PASS,以上都需要区分,表达直接，可保留。
L3-PO04,research/v3/normative/questionnaire_candidate_freeze.yaml,parent_prompt,未来在教育 / 管教出现重大分歧时，你最希望默认：,REWRITE,以后如果两个人在教育孩子这件事上有很大分歧，你更希望怎么处理？,当前表达包含研究/产品术语、抽象名词或不自然问卷腔。
L3-PO04:option:1,research/v3/normative/questionnaire_candidate_freeze.yaml,response_option,一方拥有主要决定权,PASS,一方拥有主要决定权,表达直接，可保留。
L3-PO04:option:2,research/v3/normative/questionnaire_candidate_freeze.yaml,response_option,双方必须形成共同方案,PASS,双方必须形成共同方案,表达直接，可保留。
L3-PO04:option:3,research/v3/normative/questionnaire_candidate_freeze.yaml,response_option,可以按领域分工决定,PASS,可以按领域分工决定,表达直接，可保留。
L3-PO04:option:4,research/v3/normative/questionnaire_candidate_freeze.yaml,response_option,必要时参考专业意见后共同决定,PASS,必要时参考专业意见后共同决定,表达直接，可保留。
L3-PO04:option:5,research/v3/normative/questionnaire_candidate_freeze.yaml,response_option,目前还很难想象,PASS,目前还很难想象,表达直接，可保留。
L3-SB01,research/v3/normative/questionnaire_candidate_freeze.yaml,parent_prompt,伴侣偶尔自己和朋友聚会、不带你参加，你对这种状态：,PASS,伴侣偶尔自己和朋友聚会、不带你参加，你对这种状态：,表达足够具体、接近日常语言。
L3-SB01:option:1,research/v3/normative/questionnaire_candidate_freeze.yaml,response_option,非常正常,PASS,非常正常,表达直接，可保留。
L3-SB01:option:2,research/v3/normative/questionnaire_candidate_freeze.yaml,response_option,偶尔可以,PASS,偶尔可以,表达直接，可保留。
L3-SB01:option:3,research/v3/normative/questionnaire_candidate_freeze.yaml,response_option,希望大多数社交一起,PASS,希望大多数社交一起,表达直接，可保留。
L3-SB01:option:4,research/v3/normative/questionnaire_candidate_freeze.yaml,response_option,如果经常不带自己会不舒服,PASS,如果经常不带自己会不舒服,表达直接，可保留。
L3-SB01:option:5,research/v3/normative/questionnaire_candidate_freeze.yaml,response_option,看频率和关系状态,REWRITE,看见面的频率，也看两个人现在是什么关系,去掉内部/抽象词。
L3-SB02,research/v3/normative/questionnaire_candidate_freeze.yaml,parent_prompt,对于伴侣与可能产生吸引的人单独见面，你的边界会根据关系类型变化。请先选择最接近的默认规则：,REWRITE,如果伴侣单独见一个可能互相有好感的人，你能不能接受，会不会看对方是谁？,当前表达包含研究/产品术语、抽象名词或不自然问卷腔。
L3-SB02.oldFriend,research/v3/normative/questionnaire_candidate_freeze.yaml,child_prompt,认识多年的好友,PASS,认识多年的好友,表达直接，可保留。
L3-SB02.oldFriend:option:1,research/v3/normative/questionnaire_candidate_freeze.yaml,response_option,可以正常单独见面,PASS,可以正常单独见面,表达直接，可保留。
L3-SB02.oldFriend:option:2,research/v3/normative/questionnaire_candidate_freeze.yaml,response_option,可以，但希望提前知道,PASS,可以，但希望提前知道,表达直接，可保留。
L3-SB02.oldFriend:option:3,research/v3/normative/questionnaire_candidate_freeze.yaml,response_option,只接受公开场合 / 较低频率,PASS,只接受公开场合 / 较低频率,表达直接，可保留。
L3-SB02.oldFriend:option:4,research/v3/normative/questionnaire_candidate_freeze.yaml,response_option,不接受,PASS,不接受,表达直接，可保留。
L3-SB02.oldFriend:option:5,research/v3/normative/questionnaire_candidate_freeze.yaml,response_option,看具体情况,PASS,看具体情况,表达直接，可保留。
L3-SB02.newFriend,research/v3/normative/questionnaire_candidate_freeze.yaml,child_prompt,新认识的朋友,PASS,新认识的朋友,表达直接，可保留。
L3-SB02.newFriend:option:1,research/v3/normative/questionnaire_candidate_freeze.yaml,response_option,可以正常单独见面,PASS,可以正常单独见面,表达直接，可保留。
L3-SB02.newFriend:option:2,research/v3/normative/questionnaire_candidate_freeze.yaml,response_option,可以，但希望提前知道,PASS,可以，但希望提前知道,表达直接，可保留。
L3-SB02.newFriend:option:3,research/v3/normative/questionnaire_candidate_freeze.yaml,response_option,只接受公开场合 / 较低频率,PASS,只接受公开场合 / 较低频率,表达直接，可保留。
L3-SB02.newFriend:option:4,research/v3/normative/questionnaire_candidate_freeze.yaml,response_option,不接受,PASS,不接受,表达直接，可保留。
L3-SB02.newFriend:option:5,research/v3/normative/questionnaire_candidate_freeze.yaml,response_option,看具体情况,PASS,看具体情况,表达直接，可保留。
L3-SB02.pastAmbiguity,research/v3/normative/questionnaire_candidate_freeze.yaml,child_prompt,曾经有过暧昧的人,PASS,曾经有过暧昧的人,表达直接，可保留。
L3-SB02.pastAmbiguity:option:1,research/v3/normative/questionnaire_candidate_freeze.yaml,response_option,可以正常单独见面,PASS,可以正常单独见面,表达直接，可保留。
L3-SB02.pastAmbiguity:option:2,research/v3/normative/questionnaire_candidate_freeze.yaml,response_option,可以，但希望提前知道,PASS,可以，但希望提前知道,表达直接，可保留。
L3-SB02.pastAmbiguity:option:3,research/v3/normative/questionnaire_candidate_freeze.yaml,response_option,只接受公开场合 / 较低频率,PASS,只接受公开场合 / 较低频率,表达直接，可保留。
L3-SB02.pastAmbiguity:option:4,research/v3/normative/questionnaire_candidate_freeze.yaml,response_option,不接受,PASS,不接受,表达直接，可保留。
L3-SB02.pastAmbiguity:option:5,research/v3/normative/questionnaire_candidate_freeze.yaml,response_option,看具体情况,PASS,看具体情况,表达直接，可保留。
L3-SB03,research/v3/normative/questionnaire_candidate_freeze.yaml,parent_prompt,对于伴侣和前任保持联系，你更需要根据联系原因判断。,PASS,对于伴侣和前任保持联系，你更需要根据联系原因判断。,表达足够具体、接近日常语言。
L3-SB03.necessary,research/v3/normative/questionnaire_candidate_freeze.yaml,child_prompt,共同孩子 / 必要事务,PASS,共同孩子 / 必要事务,表达直接，可保留。
L3-SB03.friendship,research/v3/normative/questionnaire_candidate_freeze.yaml,child_prompt,普通朋友式联系,PASS,普通朋友式联系,表达直接，可保留。
L3-SB03.emotionalSupport,research/v3/normative/questionnaire_candidate_freeze.yaml,child_prompt,把前任作为持续的重要情感支持对象,PASS,把前任作为持续的重要情感支持对象,表达直接，可保留。
L3-SB04,research/v3/normative/questionnaire_candidate_freeze.yaml,parent_prompt,伴侣与一个彼此可能产生吸引的人单独见面时，你觉得：,REWRITE,如果伴侣单独见一个可能互相有好感的人，你觉得怎样做你会比较舒服？,当前表达包含研究/产品术语、抽象名词或不自然问卷腔。
L3-SB04:option:1,research/v3/normative/questionnaire_candidate_freeze.yaml,response_option,不需要特意说,PASS,不需要特意说,表达直接，可保留。
L3-SB04:option:2,research/v3/normative/questionnaire_candidate_freeze.yaml,response_option,事后自然提到即可,PASS,事后自然提到即可,表达直接，可保留。
L3-SB04:option:3,research/v3/normative/questionnaire_candidate_freeze.yaml,response_option,最好提前告诉,PASS,最好提前告诉,表达直接，可保留。
L3-SB04:option:4,research/v3/normative/questionnaire_candidate_freeze.yaml,response_option,应该先讨论是否合适,PASS,应该先讨论是否合适,表达直接，可保留。
L3-SB04:option:5,research/v3/normative/questionnaire_candidate_freeze.yaml,response_option,取决于具体关系和对象,PASS,取决于具体关系和对象,表达直接，可保留。
L3-SB05,research/v3/normative/questionnaire_candidate_freeze.yaml,parent_prompt,如果同样情况换成你自己与一个彼此可能产生吸引的人单独见面，你认为披露规则应当：,REWRITE,如果换成你自己单独见一个可能互相有好感的人，你觉得自己应该怎么做？,删除“披露规则”。
L3-SB05:option:1,research/v3/normative/questionnaire_candidate_freeze.yaml,response_option,和我要求伴侣的规则完全一样,REWRITE,我会按自己要求伴侣的方式来做,删除“规则”。
L3-SB05:option:2,research/v3/normative/questionnaire_candidate_freeze.yaml,response_option,原则一样，但具体情境可以不同,REWRITE,大体一样，但具体情况可以不同,更口语。
L3-SB05:option:3,research/v3/normative/questionnaire_candidate_freeze.yaml,response_option,可以有不同规则,REWRITE,我觉得自己和伴侣可以不一样,删除“不同规则”。
L3-SB05:option:4,research/v3/normative/questionnaire_candidate_freeze.yaml,response_option,我还没想过,PASS,我还没想过,表达直接，可保留。
L3-SL01,research/v3/normative/questionnaire_candidate_freeze.yaml,parent_prompt,长期关系里，你希望“真正一起做的娱乐 / 休闲活动”在整体空闲时间中大概占多少？,REWRITE,长期在一起以后，你希望空闲时间里大概有多少是两个人专门一起过的？,当前表达包含研究/产品术语、抽象名词或不自然问卷腔。
L3-SL01:option:1,research/v3/normative/questionnaire_candidate_freeze.yaml,response_option,很少也可以,PASS,很少也可以,表达直接，可保留。
L3-SL01:option:2,research/v3/normative/questionnaire_candidate_freeze.yaml,response_option,少部分,PASS,少部分,表达直接，可保留。
L3-SL01:option:3,research/v3/normative/questionnaire_candidate_freeze.yaml,response_option,大约一半,PASS,大约一半,表达直接，可保留。
L3-SL01:option:4,research/v3/normative/questionnaire_candidate_freeze.yaml,response_option,大部分,PASS,大部分,表达直接，可保留。
L3-SL01:option:5,research/v3/normative/questionnaire_candidate_freeze.yaml,response_option,几乎都希望一起,PASS,几乎都希望一起,表达直接，可保留。
L3-SL01:option:6,research/v3/normative/questionnaire_candidate_freeze.yaml,response_option,不适合按比例想,PASS,不适合按比例想,表达直接，可保留。
L3-SL02,research/v3/normative/questionnaire_candidate_freeze.yaml,parent_prompt,两个人在同一空间，各自看自己的东西、玩自己的游戏、做自己的兴趣，对你来说：,PASS,两个人在同一空间，各自看自己的东西、玩自己的游戏、做自己的兴趣，对你来说：,表达足够具体、接近日常语言。
L3-SL02:option:1,research/v3/normative/questionnaire_candidate_freeze.yaml,response_option,不算真正共同时间,PASS,不算真正共同时间,表达直接，可保留。
L3-SL02:option:2,research/v3/normative/questionnaire_candidate_freeze.yaml,response_option,偶尔舒服,PASS,偶尔舒服,表达直接，可保留。
L3-SL02:option:3,research/v3/normative/questionnaire_candidate_freeze.yaml,response_option,经常也很舒服,PASS,经常也很舒服,表达直接，可保留。
L3-SL02:option:4,research/v3/normative/questionnaire_candidate_freeze.yaml,response_option,这是我很喜欢的相处方式,PASS,这是我很喜欢的相处方式,表达直接，可保留。
L3-SL02:option:5,research/v3/normative/questionnaire_candidate_freeze.yaml,response_option,看当天状态,PASS,看当天状态,表达直接，可保留。
L3-SL03,research/v3/normative/questionnaire_candidate_freeze.yaml,parent_prompt,双人休闲默认更希望：,REWRITE,平时两个人一起休息娱乐时，你更喜欢怎么安排？,当前表达包含研究/产品术语、抽象名词或不自然问卷腔。
L3-SL03:option:1,research/v3/normative/questionnaire_candidate_freeze.yaml,response_option,居家为主,PASS,居家为主,表达直接，可保留。
L3-SL03:option:2,research/v3/normative/questionnaire_candidate_freeze.yaml,response_option,居家稍多,PASS,居家稍多,表达直接，可保留。
L3-SL03:option:3,research/v3/normative/questionnaire_candidate_freeze.yaml,response_option,均衡,PASS,均衡,表达直接，可保留。
L3-SL03:option:4,research/v3/normative/questionnaire_candidate_freeze.yaml,response_option,外出稍多,PASS,外出稍多,表达直接，可保留。
L3-SL03:option:5,research/v3/normative/questionnaire_candidate_freeze.yaml,response_option,外出活动为主,PASS,外出活动为主,表达直接，可保留。
L3-SL03:option:6,research/v3/normative/questionnaire_candidate_freeze.yaml,response_option,无固定,PASS,无固定,表达直接，可保留。
L3-SL04,research/v3/normative/questionnaire_candidate_freeze.yaml,parent_prompt,两个人长期在一起后，你理想中多久主动安排一次双方都没有体验过的新活动 / 地方？,PASS,两个人长期在一起后，你理想中多久主动安排一次双方都没有体验过的新活动 / 地方？,表达足够具体、接近日常语言。
L3-SL04:option:1,research/v3/normative/questionnaire_candidate_freeze.yaml,response_option,基本不需要,PASS,基本不需要,表达直接，可保留。
L3-SL04:option:2,research/v3/normative/questionnaire_candidate_freeze.yaml,response_option,几个月一次,PASS,几个月一次,表达直接，可保留。
L3-SL04:option:3,research/v3/normative/questionnaire_candidate_freeze.yaml,response_option,大约每月一次,PASS,大约每月一次,表达直接，可保留。
L3-SL04:option:4,research/v3/normative/questionnaire_candidate_freeze.yaml,response_option,每月数次,PASS,每月数次,表达直接，可保留。
L3-SL04:option:5,research/v3/normative/questionnaire_candidate_freeze.yaml,response_option,几乎每周都希望有,PASS,几乎每周都希望有,表达直接，可保留。
L3-SL04:option:6,research/v3/normative/questionnaire_candidate_freeze.yaml,response_option,没有固定节奏,PASS,没有固定节奏,表达直接，可保留。
L3-SL05,research/v3/normative/questionnaire_candidate_freeze.yaml,parent_prompt,如果双方几乎没有共同 hobby，但可以一起吃饭、聊天、旅行且相处舒服，你是否会觉得仍然缺少重要部分？,REWRITE,如果两个人几乎没有共同爱好，但可以一起吃饭、聊天、旅行，而且相处舒服，你会不会还是觉得少了点什么？,当前表达包含研究/产品术语、抽象名词或不自然问卷腔。
L3-ST01,research/v3/normative/questionnaire_candidate_freeze.yaml,parent_prompt,稳定交往以后，即使双方都很忙，你希望每周至少保留多少相对完整、双方都在场的共同时间？,REWRITE,稳定交往以后，就算两个人都很忙，你希望每周至少留多少时间专门待在一起？,当前表达包含研究/产品术语、抽象名词或不自然问卷腔。
L3-ST01:option:1,research/v3/normative/questionnaire_candidate_freeze.yaml,response_option,不设最低,PASS,不设最低,表达直接，可保留。
L3-ST01:option:2,research/v3/normative/questionnaire_candidate_freeze.yaml,response_option,约 1–2 小时,PASS,约 1–2 小时,表达直接，可保留。
L3-ST01:option:3,research/v3/normative/questionnaire_candidate_freeze.yaml,response_option,半天左右,PASS,半天左右,表达直接，可保留。
L3-ST01:option:4,research/v3/normative/questionnaire_candidate_freeze.yaml,response_option,1 个完整晚上 / 半天以上,PASS,1 个完整晚上 / 半天以上,表达直接，可保留。
L3-ST01:option:5,research/v3/normative/questionnaire_candidate_freeze.yaml,response_option,1 天左右,PASS,1 天左右,表达直接，可保留。
L3-ST01:option:6,research/v3/normative/questionnaire_candidate_freeze.yaml,response_option,2 天及以上,PASS,2 天及以上,表达直接，可保留。
L3-ST01:option:7,research/v3/normative/questionnaire_candidate_freeze.yaml,response_option,更看质量而不是时长,PASS,更看质量而不是时长,表达直接，可保留。
L3-ST02,research/v3/normative/questionnaire_candidate_freeze.yaml,parent_prompt,如果伴侣明确说“今晚我想自己做点事情，不安排两个人活动”，而最近关系没有冲突，你最舒服的理解是：,PASS,如果伴侣明确说“今晚我想自己做点事情，不安排两个人活动”，而最近关系没有冲突，你最舒服的理解是：,表达足够具体、接近日常语言。
L3-ST02:option:1,research/v3/normative/questionnaire_candidate_freeze.yaml,response_option,很正常,PASS,很正常,表达直接，可保留。
L3-ST02:option:2,research/v3/normative/questionnaire_candidate_freeze.yaml,response_option,偶尔可以，频繁会不舒服,PASS,偶尔可以，频繁会不舒服,表达直接，可保留。
L3-ST02:option:3,research/v3/normative/questionnaire_candidate_freeze.yaml,response_option,希望提前协调,PASS,希望提前协调,表达直接，可保留。
L3-ST02:option:4,research/v3/normative/questionnaire_candidate_freeze.yaml,response_option,如果经常这样会觉得关系投入不足,PASS,如果经常这样会觉得关系投入不足,表达直接，可保留。
L3-ST02:option:5,research/v3/normative/questionnaire_candidate_freeze.yaml,response_option,取决于具体情况,PASS,取决于具体情况,表达直接，可保留。
L3-ST03,research/v3/normative/questionnaire_candidate_freeze.yaml,parent_prompt,长期关系里，你认为双方保留一些对方不参与的兴趣或活动：,REWRITE,长期关系里，你觉得两个人各自保留一些对方不参加的兴趣或活动怎么样？,当前表达包含研究/产品术语、抽象名词或不自然问卷腔。
L3-ST03:option:1,research/v3/normative/questionnaire_candidate_freeze.yaml,response_option,最好大多数兴趣共同,PASS,最好大多数兴趣共同,表达直接，可保留。
L3-ST03:option:2,research/v3/normative/questionnaire_candidate_freeze.yaml,response_option,有少量各自兴趣很正常,PASS,有少量各自兴趣很正常,表达直接，可保留。
L3-ST03:option:3,research/v3/normative/questionnaire_candidate_freeze.yaml,response_option,双方各自有完整兴趣生活也很好,PASS,双方各自有完整兴趣生活也很好,表达直接，可保留。
L3-ST03:option:4,research/v3/normative/questionnaire_candidate_freeze.yaml,response_option,不设默认，按实际情况,REWRITE,不提前定死，按实际情况商量,去掉内部/抽象词。
L3-ST04,research/v3/normative/questionnaire_candidate_freeze.yaml,parent_prompt,两个人晚上都在家时，“待在同一个空间各做各的”对你来说算不算高质量的共同时间？,REWRITE,两个人晚上都在家，各做各的事，你会把这也算作一起相处的时间吗？,当前表达包含研究/产品术语、抽象名词或不自然问卷腔。
L3-ST04:option:1,research/v3/normative/questionnaire_candidate_freeze.yaml,response_option,基本不算,PASS,基本不算,表达直接，可保留。
L3-ST04:option:2,research/v3/normative/questionnaire_candidate_freeze.yaml,response_option,偶尔算,PASS,偶尔算,表达直接，可保留。
L3-ST04:option:3,research/v3/normative/questionnaire_candidate_freeze.yaml,response_option,有时很舒服,PASS,有时很舒服,表达直接，可保留。
L3-ST04:option:4,research/v3/normative/questionnaire_candidate_freeze.yaml,response_option,非常算,PASS,非常算,表达直接，可保留。
L3-ST04:option:5,research/v3/normative/questionnaire_candidate_freeze.yaml,response_option,看当天状态,PASS,看当天状态,表达直接，可保留。
L3-ST05,research/v3/normative/questionnaire_candidate_freeze.yaml,parent_prompt,如果一年有几次完整假期，你最希望默认：,REWRITE,一年里有几次完整假期时，你更希望怎么安排？,当前表达包含研究/产品术语、抽象名词或不自然问卷腔。
L3-ST05:option:1,research/v3/normative/questionnaire_candidate_freeze.yaml,response_option,假期基本都一起,PASS,假期基本都一起,表达直接，可保留。
L3-ST05:option:2,research/v3/normative/questionnaire_candidate_freeze.yaml,response_option,主要一起，偶尔各自,PASS,主要一起，偶尔各自,表达直接，可保留。
L3-ST05:option:3,research/v3/normative/questionnaire_candidate_freeze.yaml,response_option,共同旅行与各自旅行都可以,PASS,共同旅行与各自旅行都可以,表达直接，可保留。
L3-ST05:option:4,research/v3/normative/questionnaire_candidate_freeze.yaml,response_option,不需要默认一起,REWRITE,不用默认都一起安排,去掉内部/抽象词。
L3-ST05:option:5,research/v3/normative/questionnaire_candidate_freeze.yaml,response_option,看具体情况,PASS,看具体情况,表达直接，可保留。
L3-ST06,research/v3/normative/questionnaire_candidate_freeze.yaml,parent_prompt,下面三类事情，你觉得长期关系中默认应该由谁拥有最终决定权？,REWRITE,下面三类事情，你觉得最后应该由谁来决定？,当前表达包含研究/产品术语、抽象名词或不自然问卷腔。
L3-ST06.hobby,research/v3/normative/questionnaire_candidate_freeze.yaml,child_prompt,一项主要影响本人、不会明显改变共同生活的个人兴趣,PASS,一项主要影响本人、不会明显改变共同生活的个人兴趣,表达直接，可保留。
L3-ST06.hobby:option:1,research/v3/normative/questionnaire_candidate_freeze.yaml,response_option,本人决定即可,REWRITE,自己决定就行,去掉内部/抽象词。
L3-ST06.hobby:option:2,research/v3/normative/questionnaire_candidate_freeze.yaml,response_option,本人决定，但应让伴侣知情,REWRITE,自己决定，但应该告诉伴侣,去掉内部/抽象词。
L3-ST06.hobby:option:3,research/v3/normative/questionnaire_candidate_freeze.yaml,response_option,认真讨论，但最终本人决定,REWRITE,认真聊过以后，最后还是自己决定,去掉内部/抽象词。
L3-ST06.hobby:option:4,research/v3/normative/questionnaire_candidate_freeze.yaml,response_option,最好双方达成一致,PASS,最好双方达成一致,表达直接，可保留。
L3-ST06.hobby:option:5,research/v3/normative/questionnaire_candidate_freeze.yaml,response_option,必须双方同意,PASS,必须双方同意,表达直接，可保留。
L3-ST06.hobby:option:6,research/v3/normative/questionnaire_candidate_freeze.yaml,response_option,不适用,PASS,不适用,表达直接，可保留。
L3-ST06.appearance,research/v3/normative/questionnaire_candidate_freeze.yaml,child_prompt,日常外貌或穿着选择,PASS,日常外貌或穿着选择,表达直接，可保留。
L3-ST06.appearance:option:1,research/v3/normative/questionnaire_candidate_freeze.yaml,response_option,本人决定即可,REWRITE,自己决定就行,去掉内部/抽象词。
L3-ST06.appearance:option:2,research/v3/normative/questionnaire_candidate_freeze.yaml,response_option,本人决定，但应让伴侣知情,REWRITE,自己决定，但应该告诉伴侣,去掉内部/抽象词。
L3-ST06.appearance:option:3,research/v3/normative/questionnaire_candidate_freeze.yaml,response_option,认真讨论，但最终本人决定,REWRITE,认真聊过以后，最后还是自己决定,去掉内部/抽象词。
L3-ST06.appearance:option:4,research/v3/normative/questionnaire_candidate_freeze.yaml,response_option,最好双方达成一致,PASS,最好双方达成一致,表达直接，可保留。
L3-ST06.appearance:option:5,research/v3/normative/questionnaire_candidate_freeze.yaml,response_option,必须双方同意,PASS,必须双方同意,表达直接，可保留。
L3-ST06.appearance:option:6,research/v3/normative/questionnaire_candidate_freeze.yaml,response_option,不适用,PASS,不适用,表达直接，可保留。
L3-ST06.career,research/v3/normative/questionnaire_candidate_freeze.yaml,child_prompt,一份收入相近、不需要搬家、但本人更喜欢的工作选择,PASS,一份收入相近、不需要搬家、但本人更喜欢的工作选择,表达直接，可保留。
L3-ST06.career:option:1,research/v3/normative/questionnaire_candidate_freeze.yaml,response_option,本人决定即可,REWRITE,自己决定就行,去掉内部/抽象词。
L3-ST06.career:option:2,research/v3/normative/questionnaire_candidate_freeze.yaml,response_option,本人决定，但应让伴侣知情,REWRITE,自己决定，但应该告诉伴侣,去掉内部/抽象词。
L3-ST06.career:option:3,research/v3/normative/questionnaire_candidate_freeze.yaml,response_option,认真讨论，但最终本人决定,REWRITE,认真聊过以后，最后还是自己决定,去掉内部/抽象词。
L3-ST06.career:option:4,research/v3/normative/questionnaire_candidate_freeze.yaml,response_option,最好双方达成一致,PASS,最好双方达成一致,表达直接，可保留。
L3-ST06.career:option:5,research/v3/normative/questionnaire_candidate_freeze.yaml,response_option,必须双方同意,PASS,必须双方同意,表达直接，可保留。
L3-ST06.career:option:6,research/v3/normative/questionnaire_candidate_freeze.yaml,response_option,不适用,PASS,不适用,表达直接，可保留。
L3-ST07,research/v3/normative/questionnaire_candidate_freeze.yaml,parent_prompt,对于你认为应由本人最终决定的个人事项，这条规则对自己和伴侣是否应该同样适用？,REWRITE,对那些你觉得应该由本人最后决定的事，你希望自己和伴侣都按同样的方式来吗？,删除“这条规则”“适用”。
L3-ST07:option:1,research/v3/normative/questionnaire_candidate_freeze.yaml,response_option,完全对称,REWRITE,希望两个人完全一样,删除“完全对称”。
L3-ST07:option:2,research/v3/normative/questionnaire_candidate_freeze.yaml,response_option,原则对称，但现实责任不同会有例外,REWRITE,大体一样，但现实责任不同可以例外,删除“原则对称”。
L3-ST07:option:3,research/v3/normative/questionnaire_candidate_freeze.yaml,response_option,某些领域不需要对称,REWRITE,有些事情不一定要一样,删除“某些领域不需要对称”。
L3-ST07:option:4,research/v3/normative/questionnaire_candidate_freeze.yaml,response_option,我还没认真想过,PASS,我还没认真想过,表达直接，可保留。
L3-SX01,research/v3/normative/questionnaire_candidate_freeze.yaml,parent_prompt,如果双方已经明确进入排他关系，你认为下面哪些行为默认属于越过排他边界？,REWRITE,如果两个人已经说好只和彼此恋爱或约会，下面哪些事是你明确不能接受的？,当前表达包含研究/产品术语、抽象名词或不自然问卷腔。
L3-SX01:option:1,research/v3/normative/questionnaire_candidate_freeze.yaml,response_option,与第三人发生性行为,PASS,与第三人发生性行为,表达直接，可保留。
L3-SX01:option:2,research/v3/normative/questionnaire_candidate_freeze.yaml,response_option,与第三人接吻 / 明显身体亲密,PASS,与第三人接吻 / 明显身体亲密,表达直接，可保留。
L3-SX01:option:3,research/v3/normative/questionnaire_candidate_freeze.yaml,response_option,继续主动使用约会软件寻找对象,PASS,继续主动使用约会软件寻找对象,表达直接，可保留。
L3-SX01:option:4,research/v3/normative/questionnaire_candidate_freeze.yaml,response_option,持续秘密暧昧,PASS,持续秘密暧昧,表达直接，可保留。
L3-SX01:option:5,research/v3/normative/questionnaire_candidate_freeze.yaml,response_option,与第三人形成秘密的强烈情感关系,PASS,与第三人形成秘密的强烈情感关系,表达直接，可保留。
L3-SX01:option:6,research/v3/normative/questionnaire_candidate_freeze.yaml,response_option,需要双方自己定义，不能预设,PASS,需要双方自己定义，不能预设,表达直接，可保留。
L3-SX02,research/v3/normative/questionnaire_candidate_freeze.yaml,parent_prompt,进入明确排他关系以后，继续保留 / 使用约会软件：,REWRITE,如果两个人已经说好只和彼此恋爱或约会，继续使用约会软件找别人，你怎么看？,当前表达包含研究/产品术语、抽象名词或不自然问卷腔。
L3-SX02:option:1,research/v3/normative/questionnaire_candidate_freeze.yaml,response_option,完全可以,PASS,完全可以,表达直接，可保留。
L3-SX02:option:2,research/v3/normative/questionnaire_candidate_freeze.yaml,response_option,保留账号可以，但不能主动使用,PASS,保留账号可以，但不能主动使用,表达直接，可保留。
L3-SX02:option:3,research/v3/normative/questionnaire_candidate_freeze.yaml,response_option,应该停用,PASS,应该停用,表达直接，可保留。
L3-SX02:option:4,research/v3/normative/questionnaire_candidate_freeze.yaml,response_option,应删除账号,PASS,应删除账号,表达直接，可保留。
L3-SX02:option:5,research/v3/normative/questionnaire_candidate_freeze.yaml,response_option,看双方约定,PASS,看双方约定,表达直接，可保留。
L3-SX03,research/v3/normative/questionnaire_candidate_freeze.yaml,parent_prompt,在明确排他关系中，如果伴侣与第三人形成秘密的高度情感亲密、长期把主要情感支持转移给对方，你对此：,REWRITE,如果伴侣瞒着你，和另一个人越来越亲密，很多原本会和你说的心事都长期转去和那个人说，你能接受到什么程度？,当前表达包含研究/产品术语、抽象名词或不自然问卷腔。
L3-SX04,research/v3/normative/questionnaire_candidate_freeze.yaml,parent_prompt,在涉及双方性健康风险的信息上，你希望伴侣做到什么程度的透明？,REWRITE,如果一件事可能影响你们双方的性健康，你希望对方什么时候告诉你？,当前表达包含研究/产品术语、抽象名词或不自然问卷腔。
L3-SX04:option:1,research/v3/normative/questionnaire_candidate_freeze.yaml,response_option,只在明确影响自己时说明,PASS,只在明确影响自己时说明,表达直接，可保留。
L3-SX04:option:2,research/v3/normative/questionnaire_candidate_freeze.yaml,response_option,有潜在影响就主动说明,PASS,有潜在影响就主动说明,表达直接，可保留。
L3-SX04:option:3,research/v3/normative/questionnaire_candidate_freeze.yaml,response_option,形成排他/性关系前应充分说明相关风险信息,REWRITE,在发生性关系或说好只和彼此交往以前，就把相关风险说清楚,去掉内部/抽象词。
L3-SX04:option:4,research/v3/normative/questionnaire_candidate_freeze.yaml,response_option,目前不确定 / 看关系阶段,PASS,目前不确定 / 看关系阶段,表达直接，可保留。
L4-AM01,research/v3/normative/questionnaire_candidate_freeze.yaml,parent_prompt,下面是伴侣事业导向的五种状态。,REWRITE,如果看一个人对工作的投入和上进程度，下面哪种最接近你喜欢的样子？,当前表达包含研究/产品术语、抽象名词或不自然问卷腔。
L4-AM01.a,research/v3/normative/questionnaire_candidate_freeze.yaml,child_prompt,哪一层最接近你的理想？,REWRITE,哪一种最接近你理想中的样子？,当前表达偏测量学/调查语言，改成直接问用户。
L4-AM01.a:option:1,research/v3/normative/questionnaire_candidate_freeze.yaml,response_option,工作主要是维持生活，对升职、成就或持续发展兴趣不大,PASS,工作主要是维持生活，对升职、成就或持续发展兴趣不大,表达直接，可保留。
L4-AM01.a:option:2,research/v3/normative/questionnaire_candidate_freeze.yaml,response_option,希望工作稳定、做得不错，但不会持续追求更高位置,PASS,希望工作稳定、做得不错，但不会持续追求更高位置,表达直接，可保留。
L4-AM01.a:option:3,research/v3/normative/questionnaire_candidate_freeze.yaml,response_option,有明确发展目标，也愿意投入，但工作不是生活唯一中心,PASS,有明确发展目标，也愿意投入，但工作不是生活唯一中心,表达直接，可保留。
L4-AM01.a:option:4,research/v3/normative/questionnaire_candidate_freeze.yaml,response_option,职业成就非常重要，愿意为发展投入大量时间和精力,PASS,职业成就非常重要，愿意为发展投入大量时间和精力,表达直接，可保留。
L4-AM01.a:option:5,research/v3/normative/questionnaire_candidate_freeze.yaml,response_option,高度竞争和成就导向，事业通常优先于其他生活领域,REWRITE,很看重竞争和成就，工作经常排在其他生活事情前面,去掉内部/抽象词。
L4-AM01.b,research/v3/normative/questionnaire_candidate_freeze.yaml,child_prompt,哪些层级你长期都可以接受？,REWRITE,哪些情况你长期都能接受？,当前表达偏测量学/调查语言，改成直接问用户。
L4-AM01.b:option:1,research/v3/normative/questionnaire_candidate_freeze.yaml,response_option,工作主要是维持生活，对升职、成就或持续发展兴趣不大,PASS,工作主要是维持生活，对升职、成就或持续发展兴趣不大,表达直接，可保留。
L4-AM01.b:option:2,research/v3/normative/questionnaire_candidate_freeze.yaml,response_option,希望工作稳定、做得不错，但不会持续追求更高位置,PASS,希望工作稳定、做得不错，但不会持续追求更高位置,表达直接，可保留。
L4-AM01.b:option:3,research/v3/normative/questionnaire_candidate_freeze.yaml,response_option,有明确发展目标，也愿意投入，但工作不是生活唯一中心,PASS,有明确发展目标，也愿意投入，但工作不是生活唯一中心,表达直接，可保留。
L4-AM01.b:option:4,research/v3/normative/questionnaire_candidate_freeze.yaml,response_option,职业成就非常重要，愿意为发展投入大量时间和精力,PASS,职业成就非常重要，愿意为发展投入大量时间和精力,表达直接，可保留。
L4-AM01.b:option:5,research/v3/normative/questionnaire_candidate_freeze.yaml,response_option,高度竞争和成就导向，事业通常优先于其他生活领域,REWRITE,很看重竞争和成就，工作经常排在其他生活事情前面,去掉内部/抽象词。
L4-AM02,research/v3/normative/questionnaire_candidate_freeze.yaml,parent_prompt,如果一个人比你的理想事业导向低很多或高很多，哪一侧更影响你继续了解？,REWRITE,如果一个人对工作的投入和上进程度和你理想中差很多，哪一种情况更影响你继续了解他？,当前表达包含研究/产品术语、抽象名词或不自然问卷腔。
L4-AM02.low,research/v3/normative/questionnaire_candidate_freeze.yaml,child_prompt,比理想明显更低，对你影响多大？,PASS,比理想明显更低，对你影响多大？,表达直接，可保留。
L4-AM02.high,research/v3/normative/questionnaire_candidate_freeze.yaml,child_prompt,比理想明显更高、事业经常优先于关系，对你影响多大？,PASS,比理想明显更高、事业经常优先于关系，对你影响多大？,表达直接，可保留。
L4-AM03,research/v3/normative/questionnaire_candidate_freeze.yaml,parent_prompt,你在意伴侣事业导向，主要是因为：,REWRITE,你为什么会在意对方对工作和发展的态度？,当前表达包含研究/产品术语、抽象名词或不自然问卷腔。
L4-AM03:option:1,research/v3/normative/questionnaire_candidate_freeze.yaml,response_option,欣赏有目标的人,PASS,欣赏有目标的人,表达直接，可保留。
L4-AM03:option:2,research/v3/normative/questionnaire_candidate_freeze.yaml,response_option,希望双方成长节奏接近,PASS,希望双方成长节奏接近,表达直接，可保留。
L4-AM03:option:3,research/v3/normative/questionnaire_candidate_freeze.yaml,response_option,经济预期,PASS,经济预期,表达直接，可保留。
L4-AM03:option:4,research/v3/normative/questionnaire_candidate_freeze.yaml,response_option,社会身份 / 生活方式,REWRITE,社会地位和想要的生活方式,去掉内部/抽象词。
L4-AM03:option:5,research/v3/normative/questionnaire_candidate_freeze.yaml,response_option,担心太低缺少目标,PASS,担心太低缺少目标,表达直接，可保留。
L4-AM03:option:6,research/v3/normative/questionnaire_candidate_freeze.yaml,response_option,担心太高让工作长期压过关系,PASS,担心太高让工作长期压过关系,表达直接，可保留。
L4-AM03:option:7,research/v3/normative/questionnaire_candidate_freeze.yaml,response_option,其他,PASS,其他,表达直接，可保留。
L4-FA01,research/v3/normative/questionnaire_candidate_freeze.yaml,parent_prompt,下面是伴侣把家庭放在生活中不同位置的五种状态。,REWRITE,如果看一个人有多重视伴侣和家庭生活，下面哪种最接近你喜欢的样子？,当前表达包含研究/产品术语、抽象名词或不自然问卷腔。
L4-FA01.a,research/v3/normative/questionnaire_candidate_freeze.yaml,child_prompt,哪一层最接近你的理想？,REWRITE,哪一种最接近你理想中的样子？,当前表达偏测量学/调查语言，改成直接问用户。
L4-FA01.a:option:1,research/v3/normative/questionnaire_candidate_freeze.yaml,response_option,长期伴侣关系可以重要，但家庭并不是本人生活的中心组织原则,REWRITE,重视伴侣，但不会把家庭放在生活最中心的位置,去掉内部/抽象词。
L4-FA01.a:option:2,research/v3/normative/questionnaire_candidate_freeze.yaml,response_option,重视伴侣和家庭，但会和个人事业、朋友、兴趣保持较强独立,REWRITE,重视伴侣和家庭，也会保留自己的工作、朋友和兴趣,去掉内部/抽象词。
L4-FA01.a:option:3,research/v3/normative/questionnaire_candidate_freeze.yaml,response_option,家庭是几个核心生活领域之一，会持续投入,PASS,家庭是几个核心生活领域之一，会持续投入,表达直接，可保留。
L4-FA01.a:option:4,research/v3/normative/questionnaire_candidate_freeze.yaml,response_option,建立和维护家庭生活是人生非常重要的优先事项,PASS,建立和维护家庭生活是人生非常重要的优先事项,表达直接，可保留。
L4-FA01.a:option:5,research/v3/normative/questionnaire_candidate_freeze.yaml,response_option,大多数重要生活选择都会优先围绕家庭整体来安排,PASS,大多数重要生活选择都会优先围绕家庭整体来安排,表达直接，可保留。
L4-FA01.b,research/v3/normative/questionnaire_candidate_freeze.yaml,child_prompt,哪些层级你长期都可以接受？,REWRITE,哪些情况你长期都能接受？,当前表达偏测量学/调查语言，改成直接问用户。
L4-FA01.b:option:1,research/v3/normative/questionnaire_candidate_freeze.yaml,response_option,长期伴侣关系可以重要，但家庭并不是本人生活的中心组织原则,REWRITE,重视伴侣，但不会把家庭放在生活最中心的位置,去掉内部/抽象词。
L4-FA01.b:option:2,research/v3/normative/questionnaire_candidate_freeze.yaml,response_option,重视伴侣和家庭，但会和个人事业、朋友、兴趣保持较强独立,REWRITE,重视伴侣和家庭，也会保留自己的工作、朋友和兴趣,去掉内部/抽象词。
L4-FA01.b:option:3,research/v3/normative/questionnaire_candidate_freeze.yaml,response_option,家庭是几个核心生活领域之一，会持续投入,PASS,家庭是几个核心生活领域之一，会持续投入,表达直接，可保留。
L4-FA01.b:option:4,research/v3/normative/questionnaire_candidate_freeze.yaml,response_option,建立和维护家庭生活是人生非常重要的优先事项,PASS,建立和维护家庭生活是人生非常重要的优先事项,表达直接，可保留。
L4-FA01.b:option:5,research/v3/normative/questionnaire_candidate_freeze.yaml,response_option,大多数重要生活选择都会优先围绕家庭整体来安排,PASS,大多数重要生活选择都会优先围绕家庭整体来安排,表达直接，可保留。
L4-FA02,research/v3/normative/questionnaire_candidate_freeze.yaml,parent_prompt,如果伴侣的家庭导向明显偏离你的理想：,REWRITE,如果一个人对家庭生活的重视程度和你理想中差很多，你会怎么想？,当前表达包含研究/产品术语、抽象名词或不自然问卷腔。
L4-FA02.low,research/v3/normative/questionnaire_candidate_freeze.yaml,child_prompt,家庭投入明显低于理想，对你影响多大？,PASS,家庭投入明显低于理想，对你影响多大？,表达直接，可保留。
L4-FA02.high,research/v3/normative/questionnaire_candidate_freeze.yaml,child_prompt,家庭在生活中占比明显高于理想、压缩个人边界，对你影响多大？,REWRITE,如果对方把很多时间和精力都放在自己的家庭上，已经明显挤掉了两个人和他自己的生活，你会有多介意？,删除“压缩个人边界”等抽象术语。
L4-IE01,research/v3/normative/questionnaire_candidate_freeze.yaml,parent_prompt,下面是伴侣在长期认知交流参与程度上的五种描述。,REWRITE,如果看一个人平时愿不愿意认真聊观点、问题和新东西，下面哪种最接近你喜欢的样子？,当前表达包含研究/产品术语、抽象名词或不自然问卷腔。
L4-IE01.a,research/v3/normative/questionnaire_candidate_freeze.yaml,child_prompt,哪一层最接近你的理想？,REWRITE,哪一种最接近你理想中的样子？,当前表达偏测量学/调查语言，改成直接问用户。
L4-IE01.a:option:1,research/v3/normative/questionnaire_candidate_freeze.yaml,response_option,日常交流主要围绕现实生活，很少主动深入讨论抽象、复杂或陌生话题,PASS,日常交流主要围绕现实生活，很少主动深入讨论抽象、复杂或陌生话题,表达直接，可保留。
L4-IE01.a:option:2,research/v3/normative/questionnaire_candidate_freeze.yaml,response_option,对自己熟悉的东西愿意讨论，但较少主动探索不熟悉领域,PASS,对自己熟悉的东西愿意讨论，但较少主动探索不熟悉领域,表达直接，可保留。
L4-IE01.a:option:3,research/v3/normative/questionnaire_candidate_freeze.yaml,response_option,有一些稳定兴趣，也愿意和伴侣讨论观点、问题或新知识,PASS,有一些稳定兴趣，也愿意和伴侣讨论观点、问题或新知识,表达直接，可保留。
L4-IE01.a:option:4,research/v3/normative/questionnaire_candidate_freeze.yaml,response_option,经常主动理解复杂问题，喜欢深入交换观点,PASS,经常主动理解复杂问题，喜欢深入交换观点,表达直接，可保留。
L4-IE01.a:option:5,research/v3/normative/questionnaire_candidate_freeze.yaml,response_option,高度认知驱动，复杂讨论、学习和观点交流是生活的重要组成部分,REWRITE,很喜欢学习和深入聊天，平时经常讨论复杂问题和不同观点,去掉内部/抽象词。
L4-IE01.b,research/v3/normative/questionnaire_candidate_freeze.yaml,child_prompt,哪些层级你长期都可以接受？,REWRITE,哪些情况你长期都能接受？,当前表达偏测量学/调查语言，改成直接问用户。
L4-IE01.b:option:1,research/v3/normative/questionnaire_candidate_freeze.yaml,response_option,日常交流主要围绕现实生活，很少主动深入讨论抽象、复杂或陌生话题,PASS,日常交流主要围绕现实生活，很少主动深入讨论抽象、复杂或陌生话题,表达直接，可保留。
L4-IE01.b:option:2,research/v3/normative/questionnaire_candidate_freeze.yaml,response_option,对自己熟悉的东西愿意讨论，但较少主动探索不熟悉领域,PASS,对自己熟悉的东西愿意讨论，但较少主动探索不熟悉领域,表达直接，可保留。
L4-IE01.b:option:3,research/v3/normative/questionnaire_candidate_freeze.yaml,response_option,有一些稳定兴趣，也愿意和伴侣讨论观点、问题或新知识,PASS,有一些稳定兴趣，也愿意和伴侣讨论观点、问题或新知识,表达直接，可保留。
L4-IE01.b:option:4,research/v3/normative/questionnaire_candidate_freeze.yaml,response_option,经常主动理解复杂问题，喜欢深入交换观点,PASS,经常主动理解复杂问题，喜欢深入交换观点,表达直接，可保留。
L4-IE01.b:option:5,research/v3/normative/questionnaire_candidate_freeze.yaml,response_option,高度认知驱动，复杂讨论、学习和观点交流是生活的重要组成部分,REWRITE,很喜欢学习和深入聊天，平时经常讨论复杂问题和不同观点,去掉内部/抽象词。
L4-IE02,research/v3/normative/questionnaire_candidate_freeze.yaml,parent_prompt,你讲一个自己很在意、背景略复杂的问题时，你最希望伴侣：,PASS,你讲一个自己很在意、背景略复杂的问题时，你最希望伴侣：,表达足够具体、接近日常语言。
L4-IE02:option:1,research/v3/normative/questionnaire_candidate_freeze.yaml,response_option,不需要完全懂，只要愿意听,PASS,不需要完全懂，只要愿意听,表达直接，可保留。
L4-IE02:option:2,research/v3/normative/questionnaire_candidate_freeze.yaml,response_option,能跟上大意并继续问,PASS,能跟上大意并继续问,表达直接，可保留。
L4-IE02:option:3,research/v3/normative/questionnaire_candidate_freeze.yaml,response_option,能很快抓住核心、和你来回讨论,PASS,能很快抓住核心、和你来回讨论,表达直接，可保留。
L4-IE02:option:4,research/v3/normative/questionnaire_candidate_freeze.yaml,response_option,最好能主动提出新的角度,PASS,最好能主动提出新的角度,表达直接，可保留。
L4-IE02:option:5,research/v3/normative/questionnaire_candidate_freeze.yaml,response_option,没有特别要求,PASS,没有特别要求,表达直接，可保留。
L4-IE03,research/v3/normative/questionnaire_candidate_freeze.yaml,parent_prompt,对伴侣完全不了解但你很在意的领域，你更希望他/她：,PASS,对伴侣完全不了解但你很在意的领域，你更希望他/她：,表达足够具体、接近日常语言。
L4-IE03:option:1,research/v3/normative/questionnaire_candidate_freeze.yaml,response_option,尊重即可，不需要深入,PASS,尊重即可，不需要深入,表达直接，可保留。
L4-IE03:option:2,research/v3/normative/questionnaire_candidate_freeze.yaml,response_option,愿意听一点,PASS,愿意听一点,表达直接，可保留。
L4-IE03:option:3,research/v3/normative/questionnaire_candidate_freeze.yaml,response_option,愿意主动了解一些,PASS,愿意主动了解一些,表达直接，可保留。
L4-IE03:option:4,research/v3/normative/questionnaire_candidate_freeze.yaml,response_option,会因为你的兴趣而真正产生探索欲,PASS,会因为你的兴趣而真正产生探索欲,表达直接，可保留。
L4-IE03:option:5,research/v3/normative/questionnaire_candidate_freeze.yaml,response_option,没有特别要求,PASS,没有特别要求,表达直接，可保留。
L4-PH01,research/v3/normative/questionnaire_candidate_freeze.yaml,parent_prompt,为了测试“理想范围”和“可接受范围”是否能被清楚区分，这里先以身高作为一个可量化例子。,REWRITE,身高会不会影响你是否继续了解一个人？如果会，也可以填一下你比较理想和能接受的范围。,当前表达包含研究/产品术语、抽象名词或不自然问卷腔。
L4-PH01.a,research/v3/normative/questionnaire_candidate_freeze.yaml,child_prompt,身高是否会真实影响你选择长期伴侣？,REWRITE,身高对你选择长期伴侣有多大影响？,当前表达偏测量学/调查语言，改成直接问用户。
L4-PH01.a:option:1,research/v3/normative/questionnaire_candidate_freeze.yaml,response_option,基本不影响,PASS,基本不影响,表达直接，可保留。
L4-PH01.a:option:2,research/v3/normative/questionnaire_candidate_freeze.yaml,response_option,有一点影响,PASS,有一点影响,表达直接，可保留。
L4-PH01.a:option:3,research/v3/normative/questionnaire_candidate_freeze.yaml,response_option,会明显影响,PASS,会明显影响,表达直接，可保留。
L4-PH01.a:option:4,research/v3/normative/questionnaire_candidate_freeze.yaml,response_option,可能成为硬条件,REWRITE,很可能因为这一点直接不考虑,去掉内部/抽象词。
L4-PH01.b,research/v3/normative/questionnaire_candidate_freeze.yaml,child_prompt,如果有理想下限，可填写；没有可留空。,REWRITE,你比较希望不要低于多少厘米？没有要求可以不填。,当前表达偏测量学/调查语言，改成直接问用户。
L4-PH01.c,research/v3/normative/questionnaire_candidate_freeze.yaml,child_prompt,如果有理想上限，可填写；没有可留空。,REWRITE,你比较希望不要高于多少厘米？没有要求可以不填。,当前表达偏测量学/调查语言，改成直接问用户。
L4-PH01.d,research/v3/normative/questionnaire_candidate_freeze.yaml,child_prompt,长期仍可接受的下限；没有可留空。,REWRITE,低到多少厘米时，你通常就不太会继续考虑？没有明确要求可以不填。,当前表达偏测量学/调查语言，改成直接问用户。
L4-PH01.e,research/v3/normative/questionnaire_candidate_freeze.yaml,child_prompt,长期仍可接受的上限；没有可留空。,REWRITE,高到多少厘米时，你通常就不太会继续考虑？没有明确要求可以不填。,当前表达偏测量学/调查语言，改成直接问用户。
L4-PH02,research/v3/normative/questionnaire_candidate_freeze.yaml,parent_prompt,如果一个人的外貌只是达到你的可接受范围，但认知交流、相处感和其他重要方面明显更好，你还愿意继续了解吗？,REWRITE,如果一个人的外貌只是“可以”，但你们很聊得来、相处也舒服，其他重要方面也很好，你还愿意继续了解吗？,当前表达包含研究/产品术语、抽象名词或不自然问卷腔。
L4-RC01,research/v3/normative/questionnaire_candidate_freeze.yaml,parent_prompt,对长期伴侣最基本的经济独立和现实生活能力要求，哪些属于你的最低门槛？,REWRITE,如果是长期伴侣，对方最基本的经济独立和生活能力，你有哪些要求？,当前表达包含研究/产品术语、抽象名词或不自然问卷腔。
L4-RC01:option:1,research/v3/normative/questionnaire_candidate_freeze.yaml,response_option,能基本自给,PASS,能基本自给,表达直接，可保留。
L4-RC01:option:2,research/v3/normative/questionnaire_candidate_freeze.yaml,response_option,收入 / 工作状态具有一定稳定性,PASS,收入 / 工作状态具有一定稳定性,表达直接，可保留。
L4-RC01:option:3,research/v3/normative/questionnaire_candidate_freeze.yaml,response_option,不长期完全依赖父母维持日常生活,PASS,不长期完全依赖父母维持日常生活,表达直接，可保留。
L4-RC01:option:4,research/v3/normative/questionnaire_candidate_freeze.yaml,response_option,没有明显且无法解释的重大债务,PASS,没有明显且无法解释的重大债务,表达直接，可保留。
L4-RC01:option:5,research/v3/normative/questionnaire_candidate_freeze.yaml,response_option,能管理自己的基本日常生活,PASS,能管理自己的基本日常生活,表达直接，可保留。
L4-RC01:option:6,research/v3/normative/questionnaire_candidate_freeze.yaml,response_option,这些都不是硬门槛,PASS,这些都不是硬门槛,表达直接，可保留。
L4-RC02,research/v3/normative/questionnaire_candidate_freeze.yaml,parent_prompt,如果只看经济与现实资源，你更希望伴侣处在什么位置？,REWRITE,只看经济情况和独立生活能力，你理想中希望对方大概是什么状态？,当前表达包含研究/产品术语、抽象名词或不自然问卷腔。
L4-RC02.a,research/v3/normative/questionnaire_candidate_freeze.yaml,child_prompt,理想状态更接近：,REWRITE,你比较希望对方是：,当前表达偏测量学/调查语言，改成直接问用户。
L4-RC02.a:option:1,research/v3/normative/questionnaire_candidate_freeze.yaml,response_option,能基本自给即可,PASS,能基本自给即可,表达直接，可保留。
L4-RC02.a:option:2,research/v3/normative/questionnaire_candidate_freeze.yaml,response_option,稳定且能覆盖自己的生活,PASS,稳定且能覆盖自己的生活,表达直接，可保留。
L4-RC02.a:option:3,research/v3/normative/questionnaire_candidate_freeze.yaml,response_option,有一定储蓄 / 抗风险能力,PASS,有一定储蓄 / 抗风险能力,表达直接，可保留。
L4-RC02.a:option:4,research/v3/normative/questionnaire_candidate_freeze.yaml,response_option,资源明显宽裕,REWRITE,经济比较宽裕,去掉内部/抽象词。
L4-RC02.a:option:5,research/v3/normative/questionnaire_candidate_freeze.yaml,response_option,资源非常充足,REWRITE,经济很宽裕,去掉内部/抽象词。
L4-RC02.a:option:6,research/v3/normative/questionnaire_candidate_freeze.yaml,response_option,不希望用这一维做理想排序,REWRITE,这方面对我没那么重要,删除“一维”“排序”模型术语。
L4-RC02.b,research/v3/normative/questionnaire_candidate_freeze.yaml,child_prompt,最低长期可接受状态更接近：,REWRITE,至少到什么程度，你长期会比较能接受？,当前表达偏测量学/调查语言，改成直接问用户。
L4-RC02.b:option:1,research/v3/normative/questionnaire_candidate_freeze.yaml,response_option,目前暂时依赖家人也可,PASS,目前暂时依赖家人也可,表达直接，可保留。
L4-RC02.b:option:2,research/v3/normative/questionnaire_candidate_freeze.yaml,response_option,能基本自给,PASS,能基本自给,表达直接，可保留。
L4-RC02.b:option:3,research/v3/normative/questionnaire_candidate_freeze.yaml,response_option,需要相对稳定,PASS,需要相对稳定,表达直接，可保留。
L4-RC02.b:option:4,research/v3/normative/questionnaire_candidate_freeze.yaml,response_option,需要一定储蓄 / 抗风险能力,PASS,需要一定储蓄 / 抗风险能力,表达直接，可保留。
L4-RC02.b:option:5,research/v3/normative/questionnaire_candidate_freeze.yaml,response_option,需要资源明显宽裕,REWRITE,希望经济比较宽裕,去掉内部/抽象词。
L4-RC02.b:option:6,research/v3/normative/questionnaire_candidate_freeze.yaml,response_option,看具体人,PASS,看具体人,表达直接，可保留。
L4-RC03,research/v3/normative/questionnaire_candidate_freeze.yaml,parent_prompt,你在意伴侣经济 / 资源条件，主要是因为哪些原因？,REWRITE,你为什么会在意对方的经济情况和独立生活能力？,当前表达包含研究/产品术语、抽象名词或不自然问卷腔。
L4-RC03:option:1,research/v3/normative/questionnaire_candidate_freeze.yaml,response_option,基本生活安全,PASS,基本生活安全,表达直接，可保留。
L4-RC03:option:2,research/v3/normative/questionnaire_candidate_freeze.yaml,response_option,希望双方生活水平接近,PASS,希望双方生活水平接近,表达直接，可保留。
L4-RC03:option:3,research/v3/normative/questionnaire_candidate_freeze.yaml,response_option,未来婚育成本,PASS,未来婚育成本,表达直接，可保留。
L4-RC03:option:4,research/v3/normative/questionnaire_candidate_freeze.yaml,response_option,欣赏现实能力 / 职业能力,REWRITE,我欣赏对方能把自己的生活和工作处理好,去掉内部/抽象词。
L4-RC03:option:5,research/v3/normative/questionnaire_candidate_freeze.yaml,response_option,担心家庭负担,PASS,担心家庭负担,表达直接，可保留。
L4-RC03:option:6,research/v3/normative/questionnaire_candidate_freeze.yaml,response_option,社会背景 / 生活圈,PASS,社会背景 / 生活圈,表达直接，可保留。
L4-RC03:option:7,research/v3/normative/questionnaire_candidate_freeze.yaml,response_option,消费方式,PASS,消费方式,表达直接，可保留。
L4-RC03:option:8,research/v3/normative/questionnaire_candidate_freeze.yaml,response_option,其他,PASS,其他,表达直接，可保留。
L4-TR01,research/v3/normative/questionnaire_candidate_freeze.yaml,parent_prompt,如果两个人其他方面差不多，你更愿意优先保留哪一项？,REWRITE,如果两个人其他方面差不多，下面这些特点只能优先保留一个，你最想保留哪个？,当前表达包含研究/产品术语、抽象名词或不自然问卷腔。
L4-TR01:option:1,research/v3/normative/questionnaire_candidate_freeze.yaml,response_option,认知交流更接近理想,REWRITE,更聊得来，也更愿意认真交流,去掉内部/抽象词。
L4-TR01:option:2,research/v3/normative/questionnaire_candidate_freeze.yaml,response_option,外貌更接近理想,PASS,外貌更接近理想,表达直接，可保留。
L4-TR01:option:3,research/v3/normative/questionnaire_candidate_freeze.yaml,response_option,两者差不多 / 信息不足,PASS,两者差不多 / 信息不足,表达直接，可保留。
L4-TR02,research/v3/normative/questionnaire_candidate_freeze.yaml,parent_prompt,"假设两个人其他未提到的方面都差不多：
A：外貌很理想；认知交流可接受；事业稳定；支持互动很好。
B：外貌可接受但非理想；认知交流非常理想；事业稳定；支持互动普通。",REWRITE,"假设两个人其他没提到的地方都差不多，你更愿意继续了解哪一个？
A：外貌很合你的喜好；聊天还可以；工作稳定；比较会照顾你的感受。
B：外貌你能接受，但不是最理想；特别聊得来；工作稳定；照顾情绪这方面比较普通。",当前表达包含研究/产品术语、抽象名词或不自然问卷腔。
L4-TR02:option:1,research/v3/normative/questionnaire_candidate_freeze.yaml,response_option,更愿意继续了解 A,PASS,更愿意继续了解 A,表达直接，可保留。
L4-TR02:option:2,research/v3/normative/questionnaire_candidate_freeze.yaml,response_option,略偏 A,PASS,略偏 A,表达直接，可保留。
L4-TR02:option:3,research/v3/normative/questionnaire_candidate_freeze.yaml,response_option,两者差不多 / 信息还不够,PASS,两者差不多 / 信息还不够,表达直接，可保留。
L4-TR02:option:4,research/v3/normative/questionnaire_candidate_freeze.yaml,response_option,略偏 B,PASS,略偏 B,表达直接，可保留。
L4-TR02:option:5,research/v3/normative/questionnaire_candidate_freeze.yaml,response_option,更愿意继续了解 B,PASS,更愿意继续了解 B,表达直接，可保留。
L4-TR03,research/v3/normative/questionnaire_candidate_freeze.yaml,parent_prompt,假设一个候选人在所有重要方面都达到你的“可接受范围”，但你只有 3 个升级点，可以把三个属性从“可以”升级到“很理想”。请选择最多 3 项。,REWRITE,假设一个人各方面都在你能接受的范围内，但只能选 3 项希望他更接近你的理想，你最想选哪 3 项？,当前表达包含研究/产品术语、抽象名词或不自然问卷腔。
L4-TR03:option:1,research/v3/normative/questionnaire_candidate_freeze.yaml,response_option,外貌,PASS,外貌,表达直接，可保留。
L4-TR03:option:2,research/v3/normative/questionnaire_candidate_freeze.yaml,response_option,经济 / 现实能力,REWRITE,经济情况和独立生活能力,去掉内部/抽象词。
L4-TR03:option:3,research/v3/normative/questionnaire_candidate_freeze.yaml,response_option,认知交流,REWRITE,能不能聊得来、愿不愿意认真交流,去掉内部/抽象词。
L4-TR03:option:4,research/v3/normative/questionnaire_candidate_freeze.yaml,response_option,社交参与,REWRITE,平时的社交频率,去掉内部/抽象词。
L4-TR03:option:5,research/v3/normative/questionnaire_candidate_freeze.yaml,response_option,生活探索,REWRITE,愿不愿意尝试新东西,去掉内部/抽象词。
L4-TR03:option:6,research/v3/normative/questionnaire_candidate_freeze.yaml,response_option,事业导向,REWRITE,对工作和发展的态度,去掉内部/抽象词。
L4-TR03:option:7,research/v3/normative/questionnaire_candidate_freeze.yaml,response_option,家庭导向,REWRITE,对伴侣和家庭生活的重视程度,去掉内部/抽象词。
L4-TR03:option:8,research/v3/normative/questionnaire_candidate_freeze.yaml,response_option,情绪支持互动,REWRITE,难受时能不能理解和支持彼此,去掉内部/抽象词。
L4-WV01,research/v3/normative/questionnaire_candidate_freeze.yaml,parent_prompt,宗教、信仰、价值观或社会议题上的差异，会不会真实影响你选择长期伴侣？,REWRITE,宗教、信仰、价值观或一些社会议题上的看法不同，会不会影响你选择长期伴侣？,当前表达包含研究/产品术语、抽象名词或不自然问卷腔。
L4-WV01:option:1,research/v3/normative/questionnaire_candidate_freeze.yaml,response_option,基本不影响,PASS,基本不影响,表达直接，可保留。
L4-WV01:option:2,research/v3/normative/questionnaire_candidate_freeze.yaml,response_option,一般不会，少数极端情况除外,PASS,一般不会，少数极端情况除外,表达直接，可保留。
L4-WV01:option:3,research/v3/normative/questionnaire_candidate_freeze.yaml,response_option,某些具体议题会明显影响,PASS,某些具体议题会明显影响,表达直接，可保留。
L4-WV01:option:4,research/v3/normative/questionnaire_candidate_freeze.yaml,response_option,比较重要，希望总体接近,PASS,比较重要，希望总体接近,表达直接，可保留。
L4-WV01:option:5,research/v3/normative/questionnaire_candidate_freeze.yaml,response_option,可能直接成为硬条件,REWRITE,很可能因为这一点直接不考虑,去掉内部/抽象词。
L4-WV02,research/v3/normative/questionnaire_candidate_freeze.yaml,parent_prompt,如果这类差异对你重要，你更接近哪种接受方式？,REWRITE,如果这些差异对你确实重要，你大概能接受到什么程度？,当前表达包含研究/产品术语、抽象名词或不自然问卷腔。
L4-WV02:option:1,research/v3/normative/questionnaire_candidate_freeze.yaml,response_option,具体立场不同也可以，只要彼此尊重,PASS,具体立场不同也可以，只要彼此尊重,表达直接，可保留。
L4-WV02:option:2,research/v3/normative/questionnaire_candidate_freeze.yaml,response_option,核心价值接近即可，具体议题可不同,PASS,核心价值接近即可，具体议题可不同,表达直接，可保留。
L4-WV02:option:3,research/v3/normative/questionnaire_candidate_freeze.yaml,response_option,多数重要议题最好接近,PASS,多数重要议题最好接近,表达直接，可保留。
L4-WV02:option:4,research/v3/normative/questionnaire_candidate_freeze.yaml,response_option,有若干明确不能接受的立场,PASS,有若干明确不能接受的立场,表达直接，可保留。
L4-WV02:option:5,research/v3/normative/questionnaire_candidate_freeze.yaml,response_option,总体上必须高度一致,REWRITE,大部分重要看法都得比较一致,去掉内部/抽象词。
L4-WV02:option:6,research/v3/normative/questionnaire_candidate_freeze.yaml,response_option,需要按具体议题分别回答,PASS,需要按具体议题分别回答,表达直接，可保留。
L5-AGE01,research/v3/normative/questionnaire_candidate_freeze.yaml,parent_prompt,对长期伴侣年龄，你目前是否有明确范围？,PASS,对长期伴侣年龄，你目前是否有明确范围？,表达足够具体、接近日常语言。
L5-AGE01.idealLower,research/v3/normative/questionnaire_candidate_freeze.yaml,child_prompt,理想下限（岁，可留空）,REWRITE,你比较希望对方不要低于多少岁？可以不填。,当前表达偏测量学/调查语言，改成直接问用户。
L5-AGE01.idealUpper,research/v3/normative/questionnaire_candidate_freeze.yaml,child_prompt,理想上限（岁，可留空）,REWRITE,你比较希望对方不要高于多少岁？可以不填。,当前表达偏测量学/调查语言，改成直接问用户。
L5-AGE01.acceptableLower,research/v3/normative/questionnaire_candidate_freeze.yaml,child_prompt,可接受下限（岁，可留空）,REWRITE,低到多少岁时，你通常就不太会继续考虑？可以不填。,当前表达偏测量学/调查语言，改成直接问用户。
L5-AGE01.acceptableUpper,research/v3/normative/questionnaire_candidate_freeze.yaml,child_prompt,可接受上限（岁，可留空）,REWRITE,高到多少岁时，你通常就不太会继续考虑？可以不填。,当前表达偏测量学/调查语言，改成直接问用户。
L5-AL01,research/v3/normative/questionnaire_candidate_freeze.yaml,parent_prompt,你目前饮酒情况更接近：,PASS,你目前饮酒情况更接近：,表达足够具体、接近日常语言。
L5-AL01:option:1,research/v3/normative/questionnaire_candidate_freeze.yaml,response_option,基本不喝,PASS,基本不喝,表达直接，可保留。
L5-AL01:option:2,research/v3/normative/questionnaire_candidate_freeze.yaml,response_option,偶尔少量,PASS,偶尔少量,表达直接，可保留。
L5-AL01:option:3,research/v3/normative/questionnaire_candidate_freeze.yaml,response_option,偶尔会喝到明显醉意,PASS,偶尔会喝到明显醉意,表达直接，可保留。
L5-AL01:option:4,research/v3/normative/questionnaire_candidate_freeze.yaml,response_option,每周规律饮酒,PASS,每周规律饮酒,表达直接，可保留。
L5-AL01:option:5,research/v3/normative/questionnaire_candidate_freeze.yaml,response_option,更高频 / 不方便说明,PASS,更高频 / 不方便说明,表达直接，可保留。
L5-AL02,research/v3/normative/questionnaire_candidate_freeze.yaml,parent_prompt,你对长期伴侣饮酒的接受范围更接近：,PASS,你对长期伴侣饮酒的接受范围更接近：,表达足够具体、接近日常语言。
L5-AL02:option:1,research/v3/normative/questionnaire_candidate_freeze.yaml,response_option,基本任何饮酒都难接受,PASS,基本任何饮酒都难接受,表达直接，可保留。
L5-AL02:option:2,research/v3/normative/questionnaire_candidate_freeze.yaml,response_option,偶尔少量可以,PASS,偶尔少量可以,表达直接，可保留。
L5-AL02:option:3,research/v3/normative/questionnaire_candidate_freeze.yaml,response_option,偶尔喝醉也能接受,PASS,偶尔喝醉也能接受,表达直接，可保留。
L5-AL02:option:4,research/v3/normative/questionnaire_candidate_freeze.yaml,response_option,规律饮酒只要不影响生活即可,PASS,规律饮酒只要不影响生活即可,表达直接，可保留。
L5-AL02:option:5,research/v3/normative/questionnaire_candidate_freeze.yaml,response_option,基本不作为筛选条件,PASS,基本不作为筛选条件,表达直接，可保留。
L5-AL02:option:6,research/v3/normative/questionnaire_candidate_freeze.yaml,response_option,看具体情况,PASS,看具体情况,表达直接，可保留。
L5-CH01,research/v3/normative/questionnaire_candidate_freeze.yaml,parent_prompt,如果暂时不考虑收入、工作、住房、年龄或是否已经有伴侣，只看你理想中的未来生活，你希望自己成为父母吗？,PASS,如果暂时不考虑收入、工作、住房、年龄或是否已经有伴侣，只看你理想中的未来生活，你希望自己成为父母吗？,表达足够具体、接近日常语言。
L5-CH01:option:1,research/v3/normative/questionnaire_candidate_freeze.yaml,response_option,明确不希望,PASS,明确不希望,表达直接，可保留。
L5-CH01:option:2,research/v3/normative/questionnaire_candidate_freeze.yaml,response_option,偏向不希望,PASS,偏向不希望,表达直接，可保留。
L5-CH01:option:3,research/v3/normative/questionnaire_candidate_freeze.yaml,response_option,说不准,PASS,说不准,表达直接，可保留。
L5-CH01:option:4,research/v3/normative/questionnaire_candidate_freeze.yaml,response_option,偏向希望,PASS,偏向希望,表达直接，可保留。
L5-CH01:option:5,research/v3/normative/questionnaire_candidate_freeze.yaml,response_option,明确希望,PASS,明确希望,表达直接，可保留。
L5-CH02,research/v3/normative/questionnaire_candidate_freeze.yaml,parent_prompt,如果未来进入一段稳定、合适的长期关系，按照你现在的真实计划，你是否打算有孩子？,PASS,如果未来进入一段稳定、合适的长期关系，按照你现在的真实计划，你是否打算有孩子？,表达足够具体、接近日常语言。
L5-CH02:option:1,research/v3/normative/questionnaire_candidate_freeze.yaml,response_option,明确不打算,PASS,明确不打算,表达直接，可保留。
L5-CH02:option:2,research/v3/normative/questionnaire_candidate_freeze.yaml,response_option,大概率不打算,PASS,大概率不打算,表达直接，可保留。
L5-CH02:option:3,research/v3/normative/questionnaire_candidate_freeze.yaml,response_option,目前无法决定,PASS,目前无法决定,表达直接，可保留。
L5-CH02:option:4,research/v3/normative/questionnaire_candidate_freeze.yaml,response_option,大概率会,PASS,大概率会,表达直接，可保留。
L5-CH02:option:5,research/v3/normative/questionnaire_candidate_freeze.yaml,response_option,明确会,PASS,明确会,表达直接，可保留。
L5-CH03,research/v3/normative/questionnaire_candidate_freeze.yaml,parent_prompt,如果未来进入稳定关系、现实条件也合适，你对生育时间大概是什么想法？,PASS,如果未来进入稳定关系、现实条件也合适，你对生育时间大概是什么想法？,表达足够具体、接近日常语言。
L5-CH03:option:1,research/v3/normative/questionnaire_candidate_freeze.yaml,response_option,关系稳定后较快,PASS,关系稳定后较快,表达直接，可保留。
L5-CH03:option:2,research/v3/normative/questionnaire_candidate_freeze.yaml,response_option,1–2 年,PASS,1–2 年,表达直接，可保留。
L5-CH03:option:3,research/v3/normative/questionnaire_candidate_freeze.yaml,response_option,3–5 年,PASS,3–5 年,表达直接，可保留。
L5-CH03:option:4,research/v3/normative/questionnaire_candidate_freeze.yaml,response_option,5 年以上,PASS,5 年以上,表达直接，可保留。
L5-CH03:option:5,research/v3/normative/questionnaire_candidate_freeze.yaml,response_option,没有明确时间,PASS,没有明确时间,表达直接，可保留。
L5-CH03:option:6,research/v3/normative/questionnaire_candidate_freeze.yaml,response_option,更取决于现实条件,PASS,更取决于现实条件,表达直接，可保留。
L5-CH04,research/v3/normative/questionnaire_candidate_freeze.yaml,parent_prompt,如果未来有孩子，你目前对数量的想法更接近：,PASS,如果未来有孩子，你目前对数量的想法更接近：,表达足够具体、接近日常语言。
L5-CH04:option:1,research/v3/normative/questionnaire_candidate_freeze.yaml,response_option,0,PASS,0,表达直接，可保留。
L5-CH04:option:2,research/v3/normative/questionnaire_candidate_freeze.yaml,response_option,1,PASS,1,表达直接，可保留。
L5-CH04:option:3,research/v3/normative/questionnaire_candidate_freeze.yaml,response_option,2,PASS,2,表达直接，可保留。
L5-CH04:option:4,research/v3/normative/questionnaire_candidate_freeze.yaml,response_option,3 个及以上,PASS,3 个及以上,表达直接，可保留。
L5-CH04:option:5,research/v3/normative/questionnaire_candidate_freeze.yaml,response_option,没有固定数量,PASS,没有固定数量,表达直接，可保留。
L5-CH04:option:6,research/v3/normative/questionnaire_candidate_freeze.yaml,response_option,目前不确定,PASS,目前不确定,表达直接，可保留。
L5-CH05,research/v3/normative/questionnaire_candidate_freeze.yaml,parent_prompt,如果未来由于现实或生育条件，生物学意义上的亲生孩子并不容易实现，你对“成为父母”这件事更接近：,REWRITE,如果以后因为身体或现实原因，很难有亲生孩子，你对“要不要成为父母”更接近哪种想法？,当前表达包含研究/产品术语、抽象名词或不自然问卷腔。
L5-CH05:option:1,research/v3/normative/questionnaire_candidate_freeze.yaml,response_option,只有亲生孩子才符合我的计划,PASS,只有亲生孩子才符合我的计划,表达直接，可保留。
L5-CH05:option:2,research/v3/normative/questionnaire_candidate_freeze.yaml,response_option,亲生孩子很重要，但也愿意了解其他成为父母的路径,REWRITE,亲生孩子对我很重要，但我也愿意考虑其他方式成为父母,“路径”偏政策/研究用语。
L5-CH05:option:3,research/v3/normative/questionnaire_candidate_freeze.yaml,response_option,成为父母本身比是否亲生更重要,PASS,成为父母本身比是否亲生更重要,表达直接，可保留。
L5-CH05:option:4,research/v3/normative/questionnaire_candidate_freeze.yaml,response_option,目前无法判断 / 没有想过,PASS,目前无法判断 / 没有想过,表达直接，可保留。
L5-CH05:option:5,research/v3/normative/questionnaire_candidate_freeze.yaml,response_option,不适用：我本身不计划成为父母,PASS,不适用：我本身不计划成为父母,表达直接，可保留。
L5-CH06,research/v3/normative/questionnaire_candidate_freeze.yaml,parent_prompt,如果你对要不要孩子目前不确定，主要原因有哪些？,PASS,如果你对要不要孩子目前不确定，主要原因有哪些？,表达足够具体、接近日常语言。
L5-CH06:option:1,research/v3/normative/questionnaire_candidate_freeze.yaml,response_option,还没有形成明确愿望,PASS,还没有形成明确愿望,表达直接，可保留。
L5-CH06:option:2,research/v3/normative/questionnaire_candidate_freeze.yaml,response_option,担心经济压力,PASS,担心经济压力,表达直接，可保留。
L5-CH06:option:3,research/v3/normative/questionnaire_candidate_freeze.yaml,response_option,担心职业影响,PASS,担心职业影响,表达直接，可保留。
L5-CH06:option:4,research/v3/normative/questionnaire_candidate_freeze.yaml,response_option,担心育儿责任过大,PASS,担心育儿责任过大,表达直接，可保留。
L5-CH06:option:5,research/v3/normative/questionnaire_candidate_freeze.yaml,response_option,担心关系稳定性,PASS,担心关系稳定性,表达直接，可保留。
L5-CH06:option:6,research/v3/normative/questionnaire_candidate_freeze.yaml,response_option,担心身体 / 生育条件,PASS,担心身体 / 生育条件,表达直接，可保留。
L5-CH06:option:7,research/v3/normative/questionnaire_candidate_freeze.yaml,response_option,担心失去自由时间,PASS,担心失去自由时间,表达直接，可保留。
L5-CH06:option:8,research/v3/normative/questionnaire_candidate_freeze.yaml,response_option,很取决于伴侣,PASS,很取决于伴侣,表达直接，可保留。
L5-CH06:option:9,research/v3/normative/questionnaire_candidate_freeze.yaml,response_option,目前人生阶段太早,PASS,目前人生阶段太早,表达直接，可保留。
L5-CH06:option:10,research/v3/normative/questionnaire_candidate_freeze.yaml,response_option,其他,PASS,其他,表达直接，可保留。
L5-CH07,research/v3/normative/questionnaire_candidate_freeze.yaml,parent_prompt,如果一个其他方面很合适的人，对未来孩子的想法和你不同，这件事对你属于：,PASS,如果一个其他方面很合适的人，对未来孩子的想法和你不同，这件事对你属于：,表达足够具体、接近日常语言。
L5-EC01,research/v3/normative/questionnaire_candidate_freeze.yaml,parent_prompt,如果对方已有孩子，你对下面现实结构的接受度分别如何？,REWRITE,如果对方已经有孩子，下面几种情况你分别能接受到什么程度？,当前表达包含研究/产品术语、抽象名词或不自然问卷腔。
L5-EC01.notCohabiting,research/v3/normative/questionnaire_candidate_freeze.yaml,child_prompt,孩子不与对方长期共同生活，但对方承担稳定责任,PASS,孩子不与对方长期共同生活，但对方承担稳定责任,表达直接，可保留。
L5-EC01.regularCare,research/v3/normative/questionnaire_candidate_freeze.yaml,child_prompt,对方需要规律承担照护 / 接送 / 周末陪伴,PASS,对方需要规律承担照护 / 接送 / 周末陪伴,表达直接，可保留。
L5-EC01.cohabiting,research/v3/normative/questionnaire_candidate_freeze.yaml,child_prompt,孩子长期与对方共同生活,PASS,孩子长期与对方共同生活,表达直接，可保留。
L5-EC01.coparenting,research/v3/normative/questionnaire_candidate_freeze.yaml,child_prompt,对方需要与前伴侣保持持续共同育儿联系,PASS,对方需要与前伴侣保持持续共同育儿联系,表达直接，可保留。
L5-ED01,research/v3/normative/questionnaire_candidate_freeze.yaml,parent_prompt,如果一个人的学历低于你的理想，但实际工作能力、交流和知识水平都很好，你还愿意继续了解吗？,PASS,如果一个人的学历低于你的理想，但实际工作能力、交流和知识水平都很好，你还愿意继续了解吗？,表达足够具体、接近日常语言。
L5-ED02,research/v3/normative/questionnaire_candidate_freeze.yaml,parent_prompt,如果你在意伴侣学历，主要是因为哪些原因？,PASS,如果你在意伴侣学历，主要是因为哪些原因？,表达足够具体、接近日常语言。
L5-ED02:option:1,research/v3/normative/questionnaire_candidate_freeze.yaml,response_option,认知交流,REWRITE,聊事情时能不能聊到一起,“认知交流”不是日常说法。
L5-ED02:option:2,research/v3/normative/questionnaire_candidate_freeze.yaml,response_option,学习能力的代理信号,REWRITE,我觉得学历多少能反映一个人的学习能力,删除“代理信号”研究术语。
L5-ED02:option:3,research/v3/normative/questionnaire_candidate_freeze.yaml,response_option,职业 / 经济预期,PASS,职业 / 经济预期,表达直接，可保留。
L5-ED02:option:4,research/v3/normative/questionnaire_candidate_freeze.yaml,response_option,家庭背景,PASS,家庭背景,表达直接，可保留。
L5-ED02:option:5,research/v3/normative/questionnaire_candidate_freeze.yaml,response_option,社交环境,PASS,社交环境,表达直接，可保留。
L5-ED02:option:6,research/v3/normative/questionnaire_candidate_freeze.yaml,response_option,对子女教育的想象,PASS,对子女教育的想象,表达直接，可保留。
L5-ED02:option:7,research/v3/normative/questionnaire_candidate_freeze.yaml,response_option,学历本身,PASS,学历本身,表达直接，可保留。
L5-ED02:option:8,research/v3/normative/questionnaire_candidate_freeze.yaml,response_option,父母 / 家庭要求,PASS,父母 / 家庭要求,表达直接，可保留。
L5-ED02:option:9,research/v3/normative/questionnaire_candidate_freeze.yaml,response_option,其他,PASS,其他,表达直接，可保留。
L5-GEO01,research/v3/normative/questionnaire_candidate_freeze.yaml,parent_prompt,你目前主要长期生活的城市是？,PASS,你目前主要长期生活的城市是？,表达足够具体、接近日常语言。
L5-GEO02,research/v3/normative/questionnaire_candidate_freeze.yaml,parent_prompt,如果不考虑具体伴侣，你目前最希望未来 3–5 年生活在哪里？,PASS,如果不考虑具体伴侣，你目前最希望未来 3–5 年生活在哪里？,表达足够具体、接近日常语言。
L5-GEO02.type,research/v3/normative/questionnaire_candidate_freeze.yaml,child_prompt,你更接近：,REWRITE,你更想住在：,当前表达偏测量学/调查语言，改成直接问用户。
L5-GEO02.type:option:1,research/v3/normative/questionnaire_candidate_freeze.yaml,response_option,明确某个城市,PASS,明确某个城市,表达直接，可保留。
L5-GEO02.type:option:2,research/v3/normative/questionnaire_candidate_freeze.yaml,response_option,明确某个地区 / 城市群,PASS,明确某个地区 / 城市群,表达直接，可保留。
L5-GEO02.type:option:3,research/v3/normative/questionnaire_candidate_freeze.yaml,response_option,有多个可接受城市,PASS,有多个可接受城市,表达直接，可保留。
L5-GEO02.type:option:4,research/v3/normative/questionnaire_candidate_freeze.yaml,response_option,地点比较开放,PASS,地点比较开放,表达直接，可保留。
L5-GEO02.type:option:5,research/v3/normative/questionnaire_candidate_freeze.yaml,response_option,目前不确定,PASS,目前不确定,表达直接，可保留。
L5-GEO02.text,research/v3/normative/questionnaire_candidate_freeze.yaml,child_prompt,如有明确地点，可填写。,REWRITE,如果已经有比较明确的城市，可以填一下。,当前表达偏测量学/调查语言，改成直接问用户。
L5-GEO03,research/v3/normative/questionnaire_candidate_freeze.yaml,parent_prompt,如果关系很稳定，对方因职业 / 家庭原因需要换城市，你：,PASS,如果关系很稳定，对方因职业 / 家庭原因需要换城市，你：,表达足够具体、接近日常语言。
L5-GEO03:option:1,research/v3/normative/questionnaire_candidate_freeze.yaml,response_option,基本不会考虑迁居,PASS,基本不会考虑迁居,表达直接，可保留。
L5-GEO03:option:2,research/v3/normative/questionnaire_candidate_freeze.yaml,response_option,只有极少数条件下,PASS,只有极少数条件下,表达直接，可保留。
L5-GEO03:option:3,research/v3/normative/questionnaire_candidate_freeze.yaml,response_option,可以认真讨论,PASS,可以认真讨论,表达直接，可保留。
L5-GEO03:option:4,research/v3/normative/questionnaire_candidate_freeze.yaml,response_option,如果整体更好可以迁,PASS,如果整体更好可以迁,表达直接，可保留。
L5-GEO03:option:5,research/v3/normative/questionnaire_candidate_freeze.yaml,response_option,地点本身不是重要约束,REWRITE,在哪座城市对我没那么重要,“重要约束”是模型术语。
L5-GEO04,research/v3/normative/questionnaire_candidate_freeze.yaml,parent_prompt,关于长期关系中的异地，你目前更接近怎样的现实边界？,REWRITE,异地这件事，你目前大概能接受到什么程度？,当前表达包含研究/产品术语、抽象名词或不自然问卷腔。
L5-GEO04.a,research/v3/normative/questionnaire_candidate_freeze.yaml,child_prompt,你会考虑从一开始就是异地的关系吗？,PASS,你会考虑从一开始就是异地的关系吗？,表达直接，可保留。
L5-GEO04.b,research/v3/normative/questionnaire_candidate_freeze.yaml,child_prompt,已经稳定交往后，因工作等原因暂时异地，你能接受吗？,PASS,已经稳定交往后，因工作等原因暂时异地，你能接受吗？,表达直接，可保留。
L5-GEO04.c,research/v3/normative/questionnaire_candidate_freeze.yaml,child_prompt,如果确定只是暂时异地，你目前可接受的最长时间更接近：,PASS,如果确定只是暂时异地，你目前可接受的最长时间更接近：,表达直接，可保留。
L5-GEO04.c:option:1,research/v3/normative/questionnaire_candidate_freeze.yaml,response_option,不接受,PASS,不接受,表达直接，可保留。
L5-GEO04.c:option:2,research/v3/normative/questionnaire_candidate_freeze.yaml,response_option,3 个月内,PASS,3 个月内,表达直接，可保留。
L5-GEO04.c:option:3,research/v3/normative/questionnaire_candidate_freeze.yaml,response_option,约 6 个月,PASS,约 6 个月,表达直接，可保留。
L5-GEO04.c:option:4,research/v3/normative/questionnaire_candidate_freeze.yaml,response_option,约 1 年,PASS,约 1 年,表达直接，可保留。
L5-GEO04.c:option:5,research/v3/normative/questionnaire_candidate_freeze.yaml,response_option,1–2 年,PASS,1–2 年,表达直接，可保留。
L5-GEO04.c:option:6,research/v3/normative/questionnaire_candidate_freeze.yaml,response_option,没有固定上限,PASS,没有固定上限,表达直接，可保留。
L5-GEO04.c:option:7,research/v3/normative/questionnaire_candidate_freeze.yaml,response_option,取决于见面频率,PASS,取决于见面频率,表达直接，可保留。
L5-GEO04.d,research/v3/normative/questionnaire_candidate_freeze.yaml,child_prompt,对你来说，异地是否需要一个大致明确的结束计划？,PASS,对你来说，异地是否需要一个大致明确的结束计划？,表达直接，可保留。
L5-GEO04.d:option:1,research/v3/normative/questionnaire_candidate_freeze.yaml,response_option,完全不需要,PASS,完全不需要,表达直接，可保留。
L5-GEO04.d:option:2,research/v3/normative/questionnaire_candidate_freeze.yaml,response_option,最好有,PASS,最好有,表达直接，可保留。
L5-GEO04.d:option:3,research/v3/normative/questionnaire_candidate_freeze.yaml,response_option,比较需要,PASS,比较需要,表达直接，可保留。
L5-GEO04.d:option:4,research/v3/normative/questionnaire_candidate_freeze.yaml,response_option,必须有,PASS,必须有,表达直接，可保留。
L5-GEO04.d:option:5,research/v3/normative/questionnaire_candidate_freeze.yaml,response_option,说不准,PASS,说不准,表达直接，可保留。
L5-GEO05,research/v3/normative/questionnaire_candidate_freeze.yaml,parent_prompt,比较下面两种异地情况：,PASS,比较下面两种异地情况：,表达足够具体、接近日常语言。
L5-GEO05.a,research/v3/normative/questionnaire_candidate_freeze.yaml,child_prompt,对方未来 8 个月在另一座城市工作，之后有明确回到同城计划。你愿意继续了解的程度？,PASS,对方未来 8 个月在另一座城市工作，之后有明确回到同城计划。你愿意继续了解的程度？,表达直接，可保留。
L5-GEO05.b,research/v3/normative/questionnaire_candidate_freeze.yaml,child_prompt,对方未来几年在哪里都不确定，也没有明确结束异地的时间。你愿意继续了解的程度？,PASS,对方未来几年在哪里都不确定，也没有明确结束异地的时间。你愿意继续了解的程度？,表达直接，可保留。
L5-GEO06,research/v3/normative/questionnaire_candidate_freeze.yaml,parent_prompt,对于未来长期生活地点，这对你目前属于：,REWRITE,未来长期住在哪里，对你来说有多能商量？,当前表达包含研究/产品术语、抽象名词或不自然问卷腔。
L5-GEO06:option:1,research/v3/normative/questionnaire_candidate_freeze.yaml,response_option,只是偏好，比较灵活,REWRITE,我只是更喜欢某些地方，实际可以很灵活,“偏好”可改成更口语的“更喜欢”。
L5-GEO06:option:2,research/v3/normative/questionnaire_candidate_freeze.yaml,response_option,有明显偏好但可协商,REWRITE,我比较希望在某些地方生活，但可以商量,“可协商”过于正式。
L5-GEO06:option:3,research/v3/normative/questionnaire_candidate_freeze.yaml,response_option,某些地区是 soft filter,REWRITE,有些地方会让我不太想继续了解，但不是绝对,删除 soft filter 研究术语。
L5-GEO06:option:4,research/v3/normative/questionnaire_candidate_freeze.yaml,response_option,有明确不能长期离开的地区 / 城市,PASS,有明确不能长期离开的地区 / 城市,表达直接，可保留。
L5-GEO06:option:5,research/v3/normative/questionnaire_candidate_freeze.yaml,response_option,目前不确定,PASS,目前不确定,表达直接，可保留。
L5-HC01,research/v3/normative/questionnaire_candidate_freeze.yaml,parent_prompt,如果你刚刚把某个条件标成了“硬条件”：假设一个人其他方面都非常符合，但只有这一点不满足，你仍然不希望系统把他/她作为候选吗？,REWRITE,如果你刚才说某个条件基本不能让步：假设一个人其他方面都很合适，只有这一点不符合，你还会直接停止了解吗？,当前表达包含研究/产品术语、抽象名词或不自然问卷腔。
L5-HC01:option:1,research/v3/normative/questionnaire_candidate_freeze.yaml,response_option,是，仍然不要作为候选,REWRITE,是，我还是不会继续了解,去掉内部/抽象词。
L5-HC01:option:2,research/v3/normative/questionnaire_candidate_freeze.yaml,response_option,大概率不要，但想保留极少例外,REWRITE,大多数情况下不会继续，但也许有极少数例外,去掉内部/抽象词。
L5-HC01:option:3,research/v3/normative/questionnaire_candidate_freeze.yaml,response_option,需要看具体人，不能算真正硬条件,REWRITE,要看具体的人，这一点不是完全不能商量,去掉内部/抽象词。
L5-HC01:option:4,research/v3/normative/questionnaire_candidate_freeze.yaml,response_option,可以作为候选，只是优先级较低,REWRITE,可以继续了解，只是这会明显减分,去掉内部/抽象词。
L5-HT01,research/v3/normative/questionnaire_candidate_freeze.yaml,parent_prompt,如果真人其他方面很符合、你也确实有吸引力，但身高比你的理想范围低一点，你仍愿意继续了解吗？,REWRITE,如果这个人其他方面都很合适，你也确实喜欢他，但身高比你平时比较喜欢的矮一点，你还愿意继续了解吗？,删除“理想范围”测量术语。
L5-IN01,research/v3/normative/questionnaire_candidate_freeze.yaml,parent_prompt,如果对方当前收入 / 资源低于你的理想，但能自给、没有明显债务，实际能力和发展状态都不错，你仍愿意继续了解吗？,REWRITE,如果对方现在收入比你理想中低一些，但能养活自己、没有明显债务，工作能力和发展也不错，你还愿意继续了解吗？,当前表达包含研究/产品术语、抽象名词或不自然问卷腔。
L5-MH01,research/v3/normative/questionnaire_candidate_freeze.yaml,parent_prompt,如果对方有过法律婚姻史，你目前更接近哪种态度？,PASS,如果对方有过法律婚姻史，你目前更接近哪种态度？,表达足够具体、接近日常语言。
L5-MH01:option:1,research/v3/normative/questionnaire_candidate_freeze.yaml,response_option,基本不影响,PASS,基本不影响,表达直接，可保留。
L5-MH01:option:2,research/v3/normative/questionnaire_candidate_freeze.yaml,response_option,可以接受，但希望了解背景,PASS,可以接受，但希望了解背景,表达直接，可保留。
L5-MH01:option:3,research/v3/normative/questionnaire_candidate_freeze.yaml,response_option,要看婚姻持续时间 / 结束原因等具体情况,PASS,要看婚姻持续时间 / 结束原因等具体情况,表达直接，可保留。
L5-MH01:option:4,research/v3/normative/questionnaire_candidate_freeze.yaml,response_option,明显降低意愿，但不是绝对,PASS,明显降低意愿，但不是绝对,表达直接，可保留。
L5-MH01:option:5,research/v3/normative/questionnaire_candidate_freeze.yaml,response_option,明确不接受,PASS,明确不接受,表达直接，可保留。
L5-MR01,research/v3/normative/questionnaire_candidate_freeze.yaml,parent_prompt,理想中的长期伴侣关系，你是否希望最终进入法律 / 社会意义上的婚姻？,REWRITE,理想情况下，你希望一段长期关系最后走到结婚吗？,当前表达包含研究/产品术语、抽象名词或不自然问卷腔。
L5-MR01:option:1,research/v3/normative/questionnaire_candidate_freeze.yaml,response_option,明确不希望,PASS,明确不希望,表达直接，可保留。
L5-MR01:option:2,research/v3/normative/questionnaire_candidate_freeze.yaml,response_option,偏向不希望,PASS,偏向不希望,表达直接，可保留。
L5-MR01:option:3,research/v3/normative/questionnaire_candidate_freeze.yaml,response_option,无所谓 / 看情况,PASS,无所谓 / 看情况,表达直接，可保留。
L5-MR01:option:4,research/v3/normative/questionnaire_candidate_freeze.yaml,response_option,偏向希望,PASS,偏向希望,表达直接，可保留。
L5-MR01:option:5,research/v3/normative/questionnaire_candidate_freeze.yaml,response_option,明确希望,PASS,明确希望,表达直接，可保留。
L5-MR02,research/v3/normative/questionnaire_candidate_freeze.yaml,parent_prompt,如果遇到合适的长期伴侣，按照你现在的人生计划，你是否打算结婚？,PASS,如果遇到合适的长期伴侣，按照你现在的人生计划，你是否打算结婚？,表达足够具体、接近日常语言。
L5-MR02:option:1,research/v3/normative/questionnaire_candidate_freeze.yaml,response_option,明确不打算,PASS,明确不打算,表达直接，可保留。
L5-MR02:option:2,research/v3/normative/questionnaire_candidate_freeze.yaml,response_option,大概率不打算,PASS,大概率不打算,表达直接，可保留。
L5-MR02:option:3,research/v3/normative/questionnaire_candidate_freeze.yaml,response_option,目前无法决定,PASS,目前无法决定,表达直接，可保留。
L5-MR02:option:4,research/v3/normative/questionnaire_candidate_freeze.yaml,response_option,大概率会,PASS,大概率会,表达直接，可保留。
L5-MR02:option:5,research/v3/normative/questionnaire_candidate_freeze.yaml,response_option,明确会,PASS,明确会,表达直接，可保留。
L5-MR03,research/v3/normative/questionnaire_candidate_freeze.yaml,parent_prompt,如果一段关系长期稳定、彼此承诺，但对方始终不愿结婚登记，你是否可以接受？,PASS,如果一段关系长期稳定、彼此承诺，但对方始终不愿结婚登记，你是否可以接受？,表达足够具体、接近日常语言。
L5-MR03:option:1,research/v3/normative/questionnaire_candidate_freeze.yaml,response_option,可以,PASS,可以,表达直接，可保留。
L5-MR03:option:2,research/v3/normative/questionnaire_candidate_freeze.yaml,response_option,大概率可以,PASS,大概率可以,表达直接，可保留。
L5-MR03:option:3,research/v3/normative/questionnaire_candidate_freeze.yaml,response_option,不确定,PASS,不确定,表达直接，可保留。
L5-MR03:option:4,research/v3/normative/questionnaire_candidate_freeze.yaml,response_option,大概率不能,PASS,大概率不能,表达直接，可保留。
L5-MR03:option:5,research/v3/normative/questionnaire_candidate_freeze.yaml,response_option,明确不能,PASS,明确不能,表达直接，可保留。
L5-MR04,research/v3/normative/questionnaire_candidate_freeze.yaml,parent_prompt,从确认双方是长期关系开始，你对进入婚姻的时间有什么想法？,PASS,从确认双方是长期关系开始，你对进入婚姻的时间有什么想法？,表达足够具体、接近日常语言。
L5-MR04.a,research/v3/normative/questionnaire_candidate_freeze.yaml,child_prompt,理想中多久进入婚姻比较合适？,REWRITE,你觉得在一起多久后结婚比较合适？,当前表达偏测量学/调查语言，改成直接问用户。
L5-MR04.a:option:1,research/v3/normative/questionnaire_candidate_freeze.yaml,response_option,1 年以内,PASS,1 年以内,表达直接，可保留。
L5-MR04.a:option:2,research/v3/normative/questionnaire_candidate_freeze.yaml,response_option,1–2 年,PASS,1–2 年,表达直接，可保留。
L5-MR04.a:option:3,research/v3/normative/questionnaire_candidate_freeze.yaml,response_option,2–3 年,PASS,2–3 年,表达直接，可保留。
L5-MR04.a:option:4,research/v3/normative/questionnaire_candidate_freeze.yaml,response_option,3–5 年,PASS,3–5 年,表达直接，可保留。
L5-MR04.a:option:5,research/v3/normative/questionnaire_candidate_freeze.yaml,response_option,5 年以上,PASS,5 年以上,表达直接，可保留。
L5-MR04.a:option:6,research/v3/normative/questionnaire_candidate_freeze.yaml,response_option,不设明确时间,PASS,不设明确时间,表达直接，可保留。
L5-MR04.b,research/v3/normative/questionnaire_candidate_freeze.yaml,child_prompt,最长超过多久会让你觉得双方方向可能不一致？,REWRITE,如果超过多久还没有结婚计划，你会开始觉得两个人想法可能不一样？,当前表达偏测量学/调查语言，改成直接问用户。
L5-MR04.b:option:1,research/v3/normative/questionnaire_candidate_freeze.yaml,response_option,1 年,PASS,1 年,表达直接，可保留。
L5-MR04.b:option:2,research/v3/normative/questionnaire_candidate_freeze.yaml,response_option,2 年,PASS,2 年,表达直接，可保留。
L5-MR04.b:option:3,research/v3/normative/questionnaire_candidate_freeze.yaml,response_option,3 年,PASS,3 年,表达直接，可保留。
L5-MR04.b:option:4,research/v3/normative/questionnaire_candidate_freeze.yaml,response_option,5 年,PASS,5 年,表达直接，可保留。
L5-MR04.b:option:5,research/v3/normative/questionnaire_candidate_freeze.yaml,response_option,5 年以上,PASS,5 年以上,表达直接，可保留。
L5-MR04.b:option:6,research/v3/normative/questionnaire_candidate_freeze.yaml,response_option,没有明确上限,PASS,没有明确上限,表达直接，可保留。
L5-MR04.b:option:7,research/v3/normative/questionnaire_candidate_freeze.yaml,response_option,目前说不准,PASS,目前说不准,表达直接，可保留。
L5-MR05,research/v3/normative/questionnaire_candidate_freeze.yaml,parent_prompt,婚姻对你如果重要，主要原因有哪些？,PASS,婚姻对你如果重要，主要原因有哪些？,表达足够具体、接近日常语言。
L5-MR05:option:1,research/v3/normative/questionnaire_candidate_freeze.yaml,response_option,法律保障,PASS,法律保障,表达直接，可保留。
L5-MR05:option:2,research/v3/normative/questionnaire_candidate_freeze.yaml,response_option,家庭认可,PASS,家庭认可,表达直接，可保留。
L5-MR05:option:3,research/v3/normative/questionnaire_candidate_freeze.yaml,response_option,孩子计划,PASS,孩子计划,表达直接，可保留。
L5-MR05:option:4,research/v3/normative/questionnaire_candidate_freeze.yaml,response_option,长期承诺象征,PASS,长期承诺象征,表达直接，可保留。
L5-MR05:option:5,research/v3/normative/questionnaire_candidate_freeze.yaml,response_option,生活安排,PASS,生活安排,表达直接，可保留。
L5-MR05:option:6,research/v3/normative/questionnaire_candidate_freeze.yaml,response_option,经济 / 财产制度,PASS,经济 / 财产制度,表达直接，可保留。
L5-MR05:option:7,research/v3/normative/questionnaire_candidate_freeze.yaml,response_option,个人价值,PASS,个人价值,表达直接，可保留。
L5-MR05:option:8,research/v3/normative/questionnaire_candidate_freeze.yaml,response_option,社会时间表,PASS,社会时间表,表达直接，可保留。
L5-MR05:option:9,research/v3/normative/questionnaire_candidate_freeze.yaml,response_option,其他,PASS,其他,表达直接，可保留。
L5-RS01,research/v3/normative/questionnaire_candidate_freeze.yaml,parent_prompt,你理想中希望进入哪种长期关系结构？,REWRITE,你理想中的长期关系更接近哪一种？,当前表达包含研究/产品术语、抽象名词或不自然问卷腔。
L5-RS01:option:1,research/v3/normative/questionnaire_candidate_freeze.yaml,response_option,双方排他的单偶长期关系,REWRITE,只和彼此恋爱、彼此都不和其他人发展亲密关系,去掉内部/抽象词。
L5-RS01:option:2,research/v3/normative/questionnaire_candidate_freeze.yaml,response_option,双方明确同意的非排他关系,REWRITE,双方都同意可以和其他人发展亲密关系,去掉内部/抽象词。
L5-RS01:option:3,research/v3/normative/questionnaire_candidate_freeze.yaml,response_option,目前没有形成明确立场，需要与具体伴侣讨论,REWRITE,现在还没想定，想和具体的人再谈,去掉内部/抽象词。
L5-RS01:option:4,research/v3/normative/questionnaire_candidate_freeze.yaml,response_option,其他 / 不方便说明,PASS,其他 / 不方便说明,表达直接，可保留。
L5-RS02,research/v3/normative/questionnaire_candidate_freeze.yaml,parent_prompt,如果一个其他方面很合适的人希望的长期关系结构与你不同，这件事对你属于：,REWRITE,如果一个其他方面很合适的人，对长期关系的想法和你不一样，这件事对你有多重要？,当前表达包含研究/产品术语、抽象名词或不自然问卷腔。
L5-SM01,research/v3/normative/questionnaire_candidate_freeze.yaml,parent_prompt,你目前吸烟情况更接近：,PASS,你目前吸烟情况更接近：,表达足够具体、接近日常语言。
L5-SM01:option:1,research/v3/normative/questionnaire_candidate_freeze.yaml,response_option,从不吸,PASS,从不吸,表达直接，可保留。
L5-SM01:option:2,research/v3/normative/questionnaire_candidate_freeze.yaml,response_option,以前吸、现在不吸,PASS,以前吸、现在不吸,表达直接，可保留。
L5-SM01:option:3,research/v3/normative/questionnaire_candidate_freeze.yaml,response_option,非常偶尔 / 社交性,PASS,非常偶尔 / 社交性,表达直接，可保留。
L5-SM01:option:4,research/v3/normative/questionnaire_candidate_freeze.yaml,response_option,每周会吸但不是每天,PASS,每周会吸但不是每天,表达直接，可保留。
L5-SM01:option:5,research/v3/normative/questionnaire_candidate_freeze.yaml,response_option,每天吸,PASS,每天吸,表达直接，可保留。
L5-SM01:option:6,research/v3/normative/questionnaire_candidate_freeze.yaml,response_option,不方便说明,PASS,不方便说明,表达直接，可保留。
L5-SM02,research/v3/normative/questionnaire_candidate_freeze.yaml,parent_prompt,你对长期伴侣吸烟的接受范围更接近：,PASS,你对长期伴侣吸烟的接受范围更接近：,表达足够具体、接近日常语言。
L5-SM02:option:1,research/v3/normative/questionnaire_candidate_freeze.yaml,response_option,任何吸烟都基本不能接受,PASS,任何吸烟都基本不能接受,表达直接，可保留。
L5-SM02:option:2,research/v3/normative/questionnaire_candidate_freeze.yaml,response_option,只接受非常偶尔的社交性吸烟,PASS,只接受非常偶尔的社交性吸烟,表达直接，可保留。
L5-SM02:option:3,research/v3/normative/questionnaire_candidate_freeze.yaml,response_option,可接受偶尔吸烟，但不能是日常习惯,PASS,可接受偶尔吸烟，但不能是日常习惯,表达直接，可保留。
L5-SM02:option:4,research/v3/normative/questionnaire_candidate_freeze.yaml,response_option,可接受日常吸烟，但不希望在家中 / 自己身边吸烟,PASS,可接受日常吸烟，但不希望在家中 / 自己身边吸烟,表达直接，可保留。
L5-SM02:option:5,research/v3/normative/questionnaire_candidate_freeze.yaml,response_option,基本不把吸烟当作筛选条件,PASS,基本不把吸烟当作筛选条件,表达直接，可保留。
L5-SM02:option:6,research/v3/normative/questionnaire_candidate_freeze.yaml,response_option,取决于具体情况,PASS,取决于具体情况,表达直接，可保留。
PS-B01,research/v3/normative/questionnaire_candidate_freeze.yaml,parent_prompt,和朋友连续社交很久后，我也会很需要独处。,PASS,和朋友连续社交很久后，我也会很需要独处。,表达足够具体、接近日常语言。
PS-B02,research/v3/normative/questionnaire_candidate_freeze.yaml,parent_prompt,即使并不需要自己的时间，只要关系太亲近我也会感到不舒服。,PASS,即使并不需要自己的时间，只要关系太亲近我也会感到不舒服。,表达足够具体、接近日常语言。
PS-B03,research/v3/normative/questionnaire_candidate_freeze.yaml,parent_prompt,我希望伴侣不要查看我的私人聊天记录。,PASS,我希望伴侣不要查看我的私人聊天记录。,表达足够具体、接近日常语言。
PS-B04,research/v3/normative/questionnaire_candidate_freeze.yaml,parent_prompt,我希望能够不带伴侣、自己和朋友参加一些活动。,PASS,我希望能够不带伴侣、自己和朋友参加一些活动。,表达足够具体、接近日常语言。
PS-B05,research/v3/normative/questionnaire_candidate_freeze.yaml,parent_prompt,如果关系要求我改变很多原来的生活安排，我会怀疑自己是否应该继续。,PASS,如果关系要求我改变很多原来的生活安排，我会怀疑自己是否应该继续。,表达足够具体、接近日常语言。
PS-S01,research/v3/normative/questionnaire_candidate_freeze.yaml,parent_prompt,你和伴侣已经连续三天几乎一直在一起，相处也很好。第四天两个人都没有安排。,PASS,你和伴侣已经连续三天几乎一直在一起，相处也很好。第四天两个人都没有安排。,表达足够具体、接近日常语言。
PS-S01:option:1,research/v3/normative/questionnaire_candidate_freeze.yaml,response_option,继续安排整天一起,PASS,继续安排整天一起,表达直接，可保留。
PS-S01:option:2,research/v3/normative/questionnaire_candidate_freeze.yaml,response_option,一起做半天，剩下时间各自安排,PASS,一起做半天，剩下时间各自安排,表达直接，可保留。
PS-S01:option:3,research/v3/normative/questionnaire_candidate_freeze.yaml,response_option,没有特别计划，各做各的也很好,PASS,没有特别计划，各做各的也很好,表达直接，可保留。
PS-S01:option:4,research/v3/normative/questionnaire_candidate_freeze.yaml,response_option,会主动想安排一段完全自己的时间,PASS,会主动想安排一段完全自己的时间,表达直接，可保留。
PS-S01:option:5,research/v3/normative/questionnaire_candidate_freeze.yaml,response_option,取决于最近一周整体相处量,PASS,取决于最近一周整体相处量,表达直接，可保留。
PS-S02,research/v3/normative/questionnaire_candidate_freeze.yaml,parent_prompt,你有一个一直自己做的兴趣。伴侣后来也产生兴趣，希望以后经常一起参加。,PASS,你有一个一直自己做的兴趣。伴侣后来也产生兴趣，希望以后经常一起参加。,表达足够具体、接近日常语言。
PS-S02:option:1,research/v3/normative/questionnaire_candidate_freeze.yaml,response_option,会觉得很好，愿意大多一起,PASS,会觉得很好，愿意大多一起,表达直接，可保留。
PS-S02:option:2,research/v3/normative/questionnaire_candidate_freeze.yaml,response_option,欢迎一起，但仍希望保留部分自己去的时间,PASS,欢迎一起，但仍希望保留部分自己去的时间,表达直接，可保留。
PS-S02:option:3,research/v3/normative/questionnaire_candidate_freeze.yaml,response_option,偶尔一起比较舒服,PASS,偶尔一起比较舒服,表达直接，可保留。
PS-S02:option:4,research/v3/normative/questionnaire_candidate_freeze.yaml,response_option,会明显不希望它变成共同活动,PASS,会明显不希望它变成共同活动,表达直接，可保留。
PS-S02:option:5,research/v3/normative/questionnaire_candidate_freeze.yaml,response_option,取决于具体情况,PASS,取决于具体情况,表达直接，可保留。
PS-S03,research/v3/normative/questionnaire_candidate_freeze.yaml,parent_prompt,假设未来同居，两个人晚上都在家，没有冲突，也没有谁特别需要帮助。,PASS,假设未来同居，两个人晚上都在家，没有冲突，也没有谁特别需要帮助。,表达足够具体、接近日常语言。
PS-S03:option:1,research/v3/normative/questionnaire_candidate_freeze.yaml,response_option,默认一起聊天 / 看东西,REWRITE,通常会一起聊天、看东西或做点什么,去掉内部/抽象词。
PS-S03:option:2,research/v3/normative/questionnaire_candidate_freeze.yaml,response_option,同一个空间，各做各的也算舒服陪伴,PASS,同一个空间，各做各的也算舒服陪伴,表达直接，可保留。
PS-S03:option:3,research/v3/normative/questionnaire_candidate_freeze.yaml,response_option,可以分别待在不同空间，需要时再互动,PASS,可以分别待在不同空间，需要时再互动,表达直接，可保留。
PS-S03:option:4,research/v3/normative/questionnaire_candidate_freeze.yaml,response_option,没有固定偏好,REWRITE,都可以，看情况,“没有固定偏好”更正式。
PS01,research/v3/normative/questionnaire_candidate_freeze.yaml,parent_prompt,假设两个人关系稳定、住得也不远，而且这一周都没有特殊事情。除工作/学习外，你理想中希望一周有多少个晚上主要由自己安排，不默认和伴侣一起？,REWRITE,假设两个人关系稳定、住得也不远，而且这一周都没有特殊事情。除工作或学习外，你希望一周大概有几个晚上主要留给自己？,当前表达包含研究/产品术语、抽象名词或不自然问卷腔。
PS01:option:1,research/v3/normative/questionnaire_candidate_freeze.yaml,response_option,0 个晚上,PASS,0 个晚上,表达直接，可保留。
PS01:option:2,research/v3/normative/questionnaire_candidate_freeze.yaml,response_option,1 个晚上,PASS,1 个晚上,表达直接，可保留。
PS01:option:3,research/v3/normative/questionnaire_candidate_freeze.yaml,response_option,2 个晚上,PASS,2 个晚上,表达直接，可保留。
PS01:option:4,research/v3/normative/questionnaire_candidate_freeze.yaml,response_option,3 个晚上,PASS,3 个晚上,表达直接，可保留。
PS01:option:5,research/v3/normative/questionnaire_candidate_freeze.yaml,response_option,4 个及以上,PASS,4 个及以上,表达直接，可保留。
PS01:option:6,research/v3/normative/questionnaire_candidate_freeze.yaml,response_option,不适合按晚上计算,PASS,不适合按晚上计算,表达直接，可保留。
PS02,research/v3/normative/questionnaire_candidate_freeze.yaml,parent_prompt,如果周末两天已经和伴侣一起度过了大部分时间，周日晚上你更接近：,PASS,如果周末两天已经和伴侣一起度过了大部分时间，周日晚上你更接近：,表达足够具体、接近日常语言。
PS02:option:1,research/v3/normative/questionnaire_candidate_freeze.yaml,response_option,还会很自然地想继续一起,PASS,还会很自然地想继续一起,表达直接，可保留。
PS02:option:2,research/v3/normative/questionnaire_candidate_freeze.yaml,response_option,都可以,PASS,都可以,表达直接，可保留。
PS02:option:3,research/v3/normative/questionnaire_candidate_freeze.yaml,response_option,会开始希望有一点自己的时间,PASS,会开始希望有一点自己的时间,表达直接，可保留。
PS02:option:4,research/v3/normative/questionnaire_candidate_freeze.yaml,response_option,会明显想独处一阵,PASS,会明显想独处一阵,表达直接，可保留。
PS02:option:5,research/v3/normative/questionnaire_candidate_freeze.yaml,response_option,取决于当周状态,PASS,取决于当周状态,表达直接，可保留。
PS03,research/v3/normative/questionnaire_candidate_freeze.yaml,parent_prompt,即使同居，你理想中是否希望每天仍有一段“不默认互动、彼此各做各的”的时间？,REWRITE,即使同居，你也希望每天有一段各做各的、不需要一直互动的时间吗？,当前表达包含研究/产品术语、抽象名词或不自然问卷腔。
PS03:option:1,research/v3/normative/questionnaire_candidate_freeze.yaml,response_option,基本不需要,PASS,基本不需要,表达直接，可保留。
PS03:option:2,research/v3/normative/questionnaire_candidate_freeze.yaml,response_option,偶尔需要,PASS,偶尔需要,表达直接，可保留。
PS03:option:3,research/v3/normative/questionnaire_candidate_freeze.yaml,response_option,每天有一点比较舒服,PASS,每天有一点比较舒服,表达直接，可保留。
PS03:option:4,research/v3/normative/questionnaire_candidate_freeze.yaml,response_option,每天需要比较明确的一段,PASS,每天需要比较明确的一段,表达直接，可保留。
PS03:option:5,research/v3/normative/questionnaire_candidate_freeze.yaml,response_option,无法固定，看状态,PASS,无法固定，看状态,表达直接，可保留。
PS04,research/v3/normative/questionnaire_candidate_freeze.yaml,parent_prompt,两个人同时有完整一天休息，你觉得最舒服的默认状态更接近：,REWRITE,两个人刚好都有完整一天休息，你觉得怎么过最舒服？,当前表达包含研究/产品术语、抽象名词或不自然问卷腔。
PS04:option:1,research/v3/normative/questionnaire_candidate_freeze.yaml,response_option,大部分时间一起安排,PASS,大部分时间一起安排,表达直接，可保留。
PS04:option:2,research/v3/normative/questionnaire_candidate_freeze.yaml,response_option,一起做主要活动，留一点各自时间,PASS,一起做主要活动，留一点各自时间,表达直接，可保留。
PS04:option:3,research/v3/normative/questionnaire_candidate_freeze.yaml,response_option,一半共同、一半各自,PASS,一半共同、一半各自,表达直接，可保留。
PS04:option:4,research/v3/normative/questionnaire_candidate_freeze.yaml,response_option,各自安排为主，选一段一起,PASS,各自安排为主，选一段一起,表达直接，可保留。
PS04:option:5,research/v3/normative/questionnaire_candidate_freeze.yaml,response_option,没有固定模式,PASS,没有固定模式,表达直接，可保留。
PS05,research/v3/normative/questionnaire_candidate_freeze.yaml,parent_prompt,即使伴侣愿意参与，我仍希望保留一些“主要属于我自己”的兴趣或活动。,PASS,即使伴侣愿意参与，我仍希望保留一些“主要属于我自己”的兴趣或活动。,表达足够具体、接近日常语言。
PS06,research/v3/normative/questionnaire_candidate_freeze.yaml,parent_prompt,长期关系里，如果大部分兴趣、娱乐和空闲活动都逐渐变成两个人一起做，我可能会觉得自己的生活被压缩了一些。,PASS,长期关系里，如果大部分兴趣、娱乐和空闲活动都逐渐变成两个人一起做，我可能会觉得自己的生活被压缩了一些。,表达足够具体、接近日常语言。
PS07,research/v3/normative/questionnaire_candidate_freeze.yaml,parent_prompt,对我来说，一段舒服的长期关系应该允许双方都有一些彼此不参与的生活内容。,PASS,对我来说，一段舒服的长期关系应该允许双方都有一些彼此不参与的生活内容。,表达足够具体、接近日常语言。
PS08,research/v3/normative/questionnaire_candidate_freeze.yaml,parent_prompt,如果伴侣对我的个人兴趣没有兴趣，只要他尊重我继续做，我通常不会觉得这是关系缺少共同点。,PASS,如果伴侣对我的个人兴趣没有兴趣，只要他尊重我继续做，我通常不会觉得这是关系缺少共同点。,表达足够具体、接近日常语言。
RC-S01A,research/v3/normative/questionnaire_candidate_freeze.yaml,parent_prompt,伴侣因为工作问题很生气，对你说：  “我现在不想分析怎么办，我就想先把今天这件事说完。”,PASS,伴侣因为工作问题很生气，对你说：  “我现在不想分析怎么办，我就想先把今天这件事说完。”,表达足够具体、接近日常语言。
RC-S01A:option:1,research/v3/normative/questionnaire_candidate_freeze.yaml,response_option,让他继续说，跟着确认自己听懂了什么,PASS,让他继续说，跟着确认自己听懂了什么,表达直接，可保留。
RC-S01A:option:2,research/v3/normative/questionnaire_candidate_freeze.yaml,response_option,开始帮他分析同事为什么这样做,PASS,开始帮他分析同事为什么这样做,表达直接，可保留。
RC-S01A:option:3,research/v3/normative/questionnaire_candidate_freeze.yaml,response_option,告诉他别想太多，事情没那么严重,PASS,告诉他别想太多，事情没那么严重,表达直接，可保留。
RC-S01A:option:4,research/v3/normative/questionnaire_candidate_freeze.yaml,response_option,转移注意力，带他去做点开心的事,PASS,转移注意力，带他去做点开心的事,表达直接，可保留。
RC-S01A:option:5,research/v3/normative/questionnaire_candidate_freeze.yaml,response_option,问他是否希望自己只是听，还是也需要别的,PASS,问他是否希望自己只是听，还是也需要别的,表达直接，可保留。
RC-S01A:option:6,research/v3/normative/questionnaire_candidate_freeze.yaml,response_option,取决于具体情况,PASS,取决于具体情况,表达直接，可保留。
RC-S01B,research/v3/normative/questionnaire_candidate_freeze.yaml,parent_prompt,“我已经想乱了，你能不能认真帮我分析一下明天应该怎么处理？”,PASS,“我已经想乱了，你能不能认真帮我分析一下明天应该怎么处理？”,表达足够具体、接近日常语言。
RC-S01B:option:1,research/v3/normative/questionnaire_candidate_freeze.yaml,response_option,先让他继续表达，不急着给具体方案,PASS,先让他继续表达，不急着给具体方案,表达直接，可保留。
RC-S01B:option:2,research/v3/normative/questionnaire_candidate_freeze.yaml,response_option,认真和他一起分析明天可以怎么处理,PASS,认真和他一起分析明天可以怎么处理,表达直接，可保留。
RC-S01B:option:3,research/v3/normative/questionnaire_candidate_freeze.yaml,response_option,告诉他不用想太多，明天自然会解决,PASS,告诉他不用想太多，明天自然会解决,表达直接，可保留。
RC-S01B:option:4,research/v3/normative/questionnaire_candidate_freeze.yaml,response_option,先带他做别的，等情绪好一点再说,PASS,先带他做别的，等情绪好一点再说,表达直接，可保留。
RC-S01B:option:5,research/v3/normative/questionnaire_candidate_freeze.yaml,response_option,再确认他最希望自己帮他分析哪一部分,PASS,再确认他最希望自己帮他分析哪一部分,表达直接，可保留。
RC-S01B:option:6,research/v3/normative/questionnaire_candidate_freeze.yaml,response_option,取决于具体情况,PASS,取决于具体情况,表达直接，可保留。
RC-S02,research/v3/normative/questionnaire_candidate_freeze.yaml,parent_prompt,伴侣回家后明显比平时安静，说“没事，就是有点累”。,PASS,伴侣回家后明显比平时安静，说“没事，就是有点累”。,表达足够具体、接近日常语言。
RC-S02:option:1,research/v3/normative/questionnaire_candidate_freeze.yaml,response_option,直接追问到底发生什么,PASS,直接追问到底发生什么,表达直接，可保留。
RC-S02:option:2,research/v3/normative/questionnaire_candidate_freeze.yaml,response_option,简单表示自己在，如果想说可以说,PASS,简单表示自己在，如果想说可以说,表达直接，可保留。
RC-S02:option:3,research/v3/normative/questionnaire_candidate_freeze.yaml,response_option,马上帮他/她安排解决方案,PASS,马上帮他/她安排解决方案,表达直接，可保留。
RC-S02:option:4,research/v3/normative/questionnaire_candidate_freeze.yaml,response_option,先给空间，完全不再提,PASS,先给空间，完全不再提,表达直接，可保留。
RC-S02:option:5,research/v3/normative/questionnaire_candidate_freeze.yaml,response_option,观察一会儿，看状态是否持续,PASS,观察一会儿，看状态是否持续,表达直接，可保留。
RC-S02:option:6,research/v3/normative/questionnaire_candidate_freeze.yaml,response_option,取决于情况,PASS,取决于情况,表达直接，可保留。
RC-S03,research/v3/normative/questionnaire_candidate_freeze.yaml,parent_prompt,伴侣因为一次重要面试失败很难受，并说“我现在觉得自己特别没用”。,PASS,伴侣因为一次重要面试失败很难受，并说“我现在觉得自己特别没用”。,表达足够具体、接近日常语言。
RC-S03:option:1,research/v3/normative/questionnaire_candidate_freeze.yaml,response_option,“别这么想，这有什么大不了的”,PASS,“别这么想，这有什么大不了的”,表达直接，可保留。
RC-S03:option:2,research/v3/normative/questionnaire_candidate_freeze.yaml,response_option,“你准备了这么久，结果这样确实很难受”,PASS,“你准备了这么久，结果这样确实很难受”,表达直接，可保留。
RC-S03:option:3,research/v3/normative/questionnaire_candidate_freeze.yaml,response_option,“那你下次就把这几个问题准备好”,PASS,“那你下次就把这几个问题准备好”,表达直接，可保留。
RC-S03:option:4,research/v3/normative/questionnaire_candidate_freeze.yaml,response_option,“你当然不是没用，不过我能理解你现在为什么会这样想”,PASS,“你当然不是没用，不过我能理解你现在为什么会这样想”,表达直接，可保留。
RC-S03:option:5,research/v3/normative/questionnaire_candidate_freeze.yaml,response_option,“我们先出去吃点东西，别想了”,PASS,“我们先出去吃点东西，别想了”,表达直接，可保留。
RC-S04,research/v3/normative/questionnaire_candidate_freeze.yaml,parent_prompt,伴侣明确说：  “我现在有点过载，我想自己安静一两个小时，晚一点再和你说。”,PASS,伴侣明确说：  “我现在有点过载，我想自己安静一两个小时，晚一点再和你说。”,表达足够具体、接近日常语言。
RC-S04:option:1,research/v3/normative/questionnaire_candidate_freeze.yaml,response_option,尊重一两个小时的空间，到约定时间附近再自然联系,PASS,尊重一两个小时的空间，到约定时间附近再自然联系,表达直接，可保留。
RC-S04:option:2,research/v3/normative/questionnaire_candidate_freeze.yaml,response_option,继续陪着但尽量不说话,PASS,继续陪着但尽量不说话,表达直接，可保留。
RC-S04:option:3,research/v3/normative/questionnaire_candidate_freeze.yaml,response_option,很快再次追问发生了什么,PASS,很快再次追问发生了什么,表达直接，可保留。
RC-S04:option:4,research/v3/normative/questionnaire_candidate_freeze.yaml,response_option,完全不再联系，等对方自己回来,PASS,完全不再联系，等对方自己回来,表达直接，可保留。
RC-S04:option:5,research/v3/normative/questionnaire_candidate_freeze.yaml,response_option,告诉对方自己在，如果计划有变化可以说一声,PASS,告诉对方自己在，如果计划有变化可以说一声,表达直接，可保留。
RC-S04:option:6,research/v3/normative/questionnaire_candidate_freeze.yaml,response_option,取决于具体情况,PASS,取决于具体情况,表达直接，可保留。
RC-S05,research/v3/normative/questionnaire_candidate_freeze.yaml,parent_prompt,伴侣连续加班，明确说自己现在最困难的是“家里很多事情根本来不及处理”。,PASS,伴侣连续加班，明确说自己现在最困难的是“家里很多事情根本来不及处理”。,表达足够具体、接近日常语言。
RC-S05:option:1,research/v3/normative/questionnaire_candidate_freeze.yaml,response_option,主要继续语言安慰,PASS,主要继续语言安慰,表达直接，可保留。
RC-S05:option:2,research/v3/normative/questionnaire_candidate_freeze.yaml,response_option,主动问最希望自己具体分担哪件事,PASS,主动问最希望自己具体分担哪件事,表达直接，可保留。
RC-S05:option:3,research/v3/normative/questionnaire_candidate_freeze.yaml,response_option,直接选几件明显的家务 / 琐事帮忙处理,PASS,直接选几件明显的家务 / 琐事帮忙处理,表达直接，可保留。
RC-S05:option:4,research/v3/normative/questionnaire_candidate_freeze.yaml,response_option,帮忙分析怎么提高效率,PASS,帮忙分析怎么提高效率,表达直接，可保留。
RC-S05:option:5,research/v3/normative/questionnaire_candidate_freeze.yaml,response_option,觉得对方只是需要休息，不主动介入,PASS,觉得对方只是需要休息，不主动介入,表达直接，可保留。
RC-S05:option:6,research/v3/normative/questionnaire_candidate_freeze.yaml,response_option,取决于具体情况,PASS,取决于具体情况,表达直接，可保留。
RC-S06,research/v3/normative/questionnaire_candidate_freeze.yaml,parent_prompt,伴侣面临一个重要职业选择，请你帮他分析，但最后说：“我想听你的意见，不过最终我还是想自己决定。”,PASS,伴侣面临一个重要职业选择，请你帮他分析，但最后说：“我想听你的意见，不过最终我还是想自己决定。”,表达足够具体、接近日常语言。
RC-S06:option:1,research/v3/normative/questionnaire_candidate_freeze.yaml,response_option,认真给出分析和意见，并明确最后由对方决定,PASS,认真给出分析和意见，并明确最后由对方决定,表达直接，可保留。
RC-S06:option:2,research/v3/normative/questionnaire_candidate_freeze.yaml,response_option,告诉对方自己认为最好的选择，并尽量说服他/她照做,PASS,告诉对方自己认为最好的选择，并尽量说服他/她照做,表达直接，可保留。
RC-S06:option:3,research/v3/normative/questionnaire_candidate_freeze.yaml,response_option,因为最终不是自己决定，所以不表达真实意见,PASS,因为最终不是自己决定，所以不表达真实意见,表达直接，可保留。
RC-S06:option:4,research/v3/normative/questionnaire_candidate_freeze.yaml,response_option,主要问问题，帮助对方自己梳理,PASS,主要问问题，帮助对方自己梳理,表达直接，可保留。
RC-S06:option:5,research/v3/normative/questionnaire_candidate_freeze.yaml,response_option,取决于具体情况,PASS,取决于具体情况,表达直接，可保留。
RC-S07,research/v3/normative/questionnaire_candidate_freeze.yaml,parent_prompt,你尝试安慰后，对方说：“我知道你是好意，但你这样说我现在反而更烦。”,PASS,你尝试安慰后，对方说：“我知道你是好意，但你这样说我现在反而更烦。”,表达足够具体、接近日常语言。
RC-S07:option:1,research/v3/normative/questionnaire_candidate_freeze.yaml,response_option,解释自己明明是为他好,PASS,解释自己明明是为他好,表达直接，可保留。
RC-S07:option:2,research/v3/normative/questionnaire_candidate_freeze.yaml,response_option,停下来问现在什么方式更有帮助,PASS,停下来问现在什么方式更有帮助,表达直接，可保留。
RC-S07:option:3,research/v3/normative/questionnaire_candidate_freeze.yaml,response_option,觉得被否定，停止交流,PASS,觉得被否定，停止交流,表达直接，可保留。
RC-S07:option:4,research/v3/normative/questionnaire_candidate_freeze.yaml,response_option,换一种更强的安慰方式,PASS,换一种更强的安慰方式,表达直接，可保留。
RC-S07:option:5,research/v3/normative/questionnaire_candidate_freeze.yaml,response_option,先停一下，稍后再问,PASS,先停一下，稍后再问,表达直接，可保留。
RC-S07:option:6,research/v3/normative/questionnaire_candidate_freeze.yaml,response_option,取决于具体情况,PASS,取决于具体情况,表达直接，可保留。
RC01,research/v3/normative/questionnaire_candidate_freeze.yaml,parent_prompt,对方明确告诉你“这种安慰方式对我没帮助”以后，你通常能否调整，而不是继续按自己的方式做？,PASS,对方明确告诉你“这种安慰方式对我没帮助”以后，你通常能否调整，而不是继续按自己的方式做？,表达足够具体、接近日常语言。
RC02,research/v3/normative/questionnaire_candidate_freeze.yaml,parent_prompt,别人状态不好时，你有多常先确认“你现在更想让我听，还是一起想办法”？,PASS,别人状态不好时，你有多常先确认“你现在更想让我听，还是一起想办法”？,表达足够具体、接近日常语言。
RC03,research/v3/normative/questionnaire_candidate_freeze.yaml,parent_prompt,如果对方没有直接求助，但状态明显和平时不同，你通常能否注意到？,PASS,如果对方没有直接求助，但状态明显和平时不同，你通常能否注意到？,表达足够具体、接近日常语言。
RC04,research/v3/normative/questionnaire_candidate_freeze.yaml,parent_prompt,当你觉得对方“想太多”时，你是否仍能先理解为什么这件事对他很重要？,PASS,当你觉得对方“想太多”时，你是否仍能先理解为什么这件事对他很重要？,表达足够具体、接近日常语言。
RC05,research/v3/normative/questionnaire_candidate_freeze.yaml,parent_prompt,你有多常因为太想帮忙，最后给了超过对方想要的建议或介入？,PASS,你有多常因为太想帮忙，最后给了超过对方想要的建议或介入？,表达足够具体、接近日常语言。
RC06,research/v3/normative/questionnaire_candidate_freeze.yaml,parent_prompt,如果对方需要的支持方式和你自己遇到同样事情时完全不同，你通常能否按他的方式来？,PASS,如果对方需要的支持方式和你自己遇到同样事情时完全不同，你通常能否按他的方式来？,表达足够具体、接近日常语言。
RR-B01,research/v3/normative/questionnaire_candidate_freeze.yaml,parent_prompt,我最近很希望生活里能出现一个恋爱对象。,PASS,我最近很希望生活里能出现一个恋爱对象。,表达足够具体、接近日常语言。
RR-B02,research/v3/normative/questionnaire_candidate_freeze.yaml,parent_prompt,一个人生活有时让我很想赶快进入一段关系。,PASS,一个人生活有时让我很想赶快进入一段关系。,表达足够具体、接近日常语言。
RR-B03,research/v3/normative/questionnaire_candidate_freeze.yaml,parent_prompt,我现在每周都有足够稳定的时间用于约会和经营关系。,PASS,我现在每周都有足够稳定的时间用于约会和经营关系。,表达足够具体、接近日常语言。
RR-B04,research/v3/normative/questionnaire_candidate_freeze.yaml,parent_prompt,我周围的人普遍觉得我现在应该开始认真谈恋爱了。,PASS,我周围的人普遍觉得我现在应该开始认真谈恋爱了。,表达足够具体、接近日常语言。
RR01,research/v3/normative/questionnaire_candidate_freeze.yaml,parent_prompt,如果最近遇到一个彼此都觉得合适的人，我会觉得“现在是可以认真开始一段关系的时候”。,PASS,如果最近遇到一个彼此都觉得合适的人，我会觉得“现在是可以认真开始一段关系的时候”。,表达足够具体、接近日常语言。
RR02,research/v3/normative/questionnaire_candidate_freeze.yaml,parent_prompt,我现在对一段关系从“认识看看”逐渐发展成稳定交往，是开放的。,PASS,我现在对一段关系从“认识看看”逐渐发展成稳定交往，是开放的。,表达足够具体、接近日常语言。
RR03,research/v3/normative/questionnaire_candidate_freeze.yaml,parent_prompt,如果关系发展得不错，我愿意让它逐渐成为接下来生活里真正重要的一部分。,PASS,如果关系发展得不错，我愿意让它逐渐成为接下来生活里真正重要的一部分。,表达足够具体、接近日常语言。
RR04,research/v3/normative/questionnaire_candidate_freeze.yaml,parent_prompt,即使近期遇到很合适的人，我目前仍更希望把认真谈恋爱这件事放到以后。,PASS,即使近期遇到很合适的人，我目前仍更希望把认真谈恋爱这件事放到以后。,表达足够具体、接近日常语言。
RR05,research/v3/normative/questionnaire_candidate_freeze.yaml,parent_prompt,想到自己在接下来几个月进入一段稳定关系，我不会觉得这件事明显“来得太早”。,PASS,想到自己在接下来几个月进入一段稳定关系，我不会觉得这件事明显“来得太早”。,表达足够具体、接近日常语言。
RR06,research/v3/normative/questionnaire_candidate_freeze.yaml,parent_prompt,如果双方都认真，我愿意把一段新的关系从初步了解继续往更稳定的方向推进。,PASS,如果双方都认真，我愿意把一段新的关系从初步了解继续往更稳定的方向推进。,表达足够具体、接近日常语言。
RR07,research/v3/normative/questionnaire_candidate_freeze.yaml,parent_prompt,对现在的我来说，就算对象合适，认真关系也更像是“以后的人生安排”，而不是当前安排。,PASS,对现在的我来说，就算对象合适，认真关系也更像是“以后的人生安排”，而不是当前安排。,表达足够具体、接近日常语言。
RR08,research/v3/normative/questionnaire_candidate_freeze.yaml,parent_prompt,我现在能够接受一段新的亲密关系真实地改变一部分自己的生活，而不只是停留在偶尔约会或聊天。,PASS,我现在能够接受一段新的亲密关系真实地改变一部分自己的生活，而不只是停留在偶尔约会或聊天。,表达足够具体、接近日常语言。
RR09,research/v3/normative/questionnaire_candidate_freeze.yaml,parent_prompt,如果有一个人值得认真了解，我目前会愿意给这段关系真正发展的机会。,PASS,如果有一个人值得认真了解，我目前会愿意给这段关系真正发展的机会。,表达足够具体、接近日常语言。
RR10,research/v3/normative/questionnaire_candidate_freeze.yaml,parent_prompt,我对恋爱并不是完全没兴趣，但认真开始一段关系对现在的我来说仍然有些“不是时候”。,PASS,我对恋爱并不是完全没兴趣，但认真开始一段关系对现在的我来说仍然有些“不是时候”。,表达足够具体、接近日常语言。
RR11,research/v3/normative/questionnaire_candidate_freeze.yaml,parent_prompt,如果认识到合适的人，我可以想象自己在未来一段时间逐渐对这段关系作出稳定投入。,PASS,如果认识到合适的人，我可以想象自己在未来一段时间逐渐对这段关系作出稳定投入。,表达足够具体、接近日常语言。
RR12,research/v3/normative/questionnaire_candidate_freeze.yaml,parent_prompt,目前即使认识新人，我更多也只是愿意看看彼此合不合适，还没有准备让关系真正进入稳定阶段。,PASS,目前即使认识新人，我更多也只是愿意看看彼此合不合适，还没有准备让关系真正进入稳定阶段。,表达足够具体、接近日常语言。
SE-P01,research/v3/normative/questionnaire_candidate_freeze.yaml,parent_prompt,如果没有工作或家庭硬性安排，你更希望伴侣平时和朋友见面、聚会或参加社交活动的频率接近哪种状态？,PASS,如果没有工作或家庭硬性安排，你更希望伴侣平时和朋友见面、聚会或参加社交活动的频率接近哪种状态？,表达足够具体、接近日常语言。
SE-P02,research/v3/normative/questionnaire_candidate_freeze.yaml,parent_prompt,普通周末，你更希望伴侣：,PASS,普通周末，你更希望伴侣：,表达足够具体、接近日常语言。
SE-P03,research/v3/normative/questionnaire_candidate_freeze.yaml,parent_prompt,连续一两周没见朋友时，你希望伴侣：,PASS,连续一两周没见朋友时，你希望伴侣：,表达足够具体、接近日常语言。
SE-P04,research/v3/normative/questionnaire_candidate_freeze.yaml,parent_prompt,理想伴侣的稳定社交圈更接近：,PASS,理想伴侣的稳定社交圈更接近：,表达足够具体、接近日常语言。
SE-P04:option:1,research/v3/normative/questionnaire_candidate_freeze.yaml,response_option,少数几个长期深交,PASS,少数几个长期深交,表达直接，可保留。
SE-P04:option:2,research/v3/normative/questionnaire_candidate_freeze.yaml,response_option,几个固定朋友圈,PASS,几个固定朋友圈,表达直接，可保留。
SE-P04:option:3,research/v3/normative/questionnaire_candidate_freeze.yaml,response_option,多个明显不同社交圈,PASS,多个明显不同社交圈,表达直接，可保留。
SE-P04:option:4,research/v3/normative/questionnaire_candidate_freeze.yaml,response_option,很广泛的人际网络,PASS,很广泛的人际网络,表达直接，可保留。
SE-P05,research/v3/normative/questionnaire_candidate_freeze.yaml,parent_prompt,除了最亲近朋友，你希望伴侣平时和普通朋友、同事、熟人维持多少往来？,PASS,除了最亲近朋友，你希望伴侣平时和普通朋友、同事、熟人维持多少往来？,表达足够具体、接近日常语言。
SE-P06,research/v3/normative/questionnaire_candidate_freeze.yaml,parent_prompt,你更希望伴侣在朋友之间：,PASS,你更希望伴侣在朋友之间：,表达足够具体、接近日常语言。
SE-P07,research/v3/normative/questionnaire_candidate_freeze.yaml,parent_prompt,如果生活连续一段时间只有工作、回家和固定两三个人，你希望伴侣：,PASS,如果生活连续一段时间只有工作、回家和固定两三个人，你希望伴侣：,表达足够具体、接近日常语言。
SN-S01,research/v3/normative/questionnaire_candidate_freeze.yaml,parent_prompt,你花了很长时间准备的一件工作/学习任务最后失败了，而且短期内没有办法马上补救。回家后你明显很沮丧。,PASS,你花了很长时间准备的一件工作/学习任务最后失败了，而且短期内没有办法马上补救。回家后你明显很沮丧。,表达足够具体、接近日常语言。
SN-S01.a,research/v3/normative/questionnaire_candidate_freeze.yaml,child_prompt,最希望伴侣先做哪两项？,PASS,最希望伴侣先做哪两项？,表达直接，可保留。
SN-S01.a:option:1,research/v3/normative/questionnaire_candidate_freeze.yaml,response_option,让我把事情完整说完，先听,PASS,让我把事情完整说完，先听,表达直接，可保留。
SN-S01.a:option:2,research/v3/normative/questionnaire_candidate_freeze.yaml,response_option,告诉我这种失落很正常，他理解我为什么难受,PASS,告诉我这种失落很正常，他理解我为什么难受,表达直接，可保留。
SN-S01.a:option:3,research/v3/normative/questionnaire_candidate_freeze.yaml,response_option,明确告诉我，他仍然相信我、不会因为这件事看低我,PASS,明确告诉我，他仍然相信我、不会因为这件事看低我,表达直接，可保留。
SN-S01.a:option:4,research/v3/normative/questionnaire_candidate_freeze.yaml,response_option,帮我一起分析接下来还能做什么,PASS,帮我一起分析接下来还能做什么,表达直接，可保留。
SN-S01.a:option:5,research/v3/normative/questionnaire_candidate_freeze.yaml,response_option,直接帮我处理一点现实上的后续,PASS,直接帮我处理一点现实上的后续,表达直接，可保留。
SN-S01.a:option:6,research/v3/normative/questionnaire_candidate_freeze.yaml,response_option,陪着我做点别的，不一直讨论,PASS,陪着我做点别的，不一直讨论,表达直接，可保留。
SN-S01.a:option:7,research/v3/normative/questionnaire_candidate_freeze.yaml,response_option,先让我自己待一会儿，需要时再来,PASS,先让我自己待一会儿，需要时再来,表达直接，可保留。
SN-S01.b,research/v3/normative/questionnaire_candidate_freeze.yaml,child_prompt,最不希望对方一上来做什么？,PASS,最不希望对方一上来做什么？,表达直接，可保留。
SN-S01.b:option:1,research/v3/normative/questionnaire_candidate_freeze.yaml,response_option,先听我把事情说完,PASS,先听我把事情说完,表达直接，可保留。
SN-S01.b:option:2,research/v3/normative/questionnaire_candidate_freeze.yaml,response_option,先表达理解和认可,PASS,先表达理解和认可,表达直接，可保留。
SN-S01.b:option:3,research/v3/normative/questionnaire_candidate_freeze.yaml,response_option,明确给我安慰和信心,PASS,明确给我安慰和信心,表达直接，可保留。
SN-S01.b:option:4,research/v3/normative/questionnaire_candidate_freeze.yaml,response_option,立刻分析解决方案,PASS,立刻分析解决方案,表达直接，可保留。
SN-S01.b:option:5,research/v3/normative/questionnaire_candidate_freeze.yaml,response_option,直接介入现实后续,PASS,直接介入现实后续,表达直接，可保留。
SN-S01.b:option:6,research/v3/normative/questionnaire_candidate_freeze.yaml,response_option,转移注意力、陪我做别的,PASS,转移注意力、陪我做别的,表达直接，可保留。
SN-S01.b:option:7,research/v3/normative/questionnaire_candidate_freeze.yaml,response_option,先给我空间,PASS,先给我空间,表达直接，可保留。
SN-S02,research/v3/normative/questionnaire_candidate_freeze.yaml,parent_prompt,你和一个很重要的朋友发生矛盾，对方说了一些让你很受伤的话。,PASS,你和一个很重要的朋友发生矛盾，对方说了一些让你很受伤的话。,表达足够具体、接近日常语言。
SN-S02.a,research/v3/normative/questionnaire_candidate_freeze.yaml,child_prompt,你最希望伴侣先做哪两项？,PASS,你最希望伴侣先做哪两项？,表达直接，可保留。
SN-S02.a:option:1,research/v3/normative/questionnaire_candidate_freeze.yaml,response_option,让我把事情完整说完，先听,PASS,让我把事情完整说完，先听,表达直接，可保留。
SN-S02.a:option:2,research/v3/normative/questionnaire_candidate_freeze.yaml,response_option,先表达理解：这件事为什么会让我难受,PASS,先表达理解：这件事为什么会让我难受,表达直接，可保留。
SN-S02.a:option:3,research/v3/normative/questionnaire_candidate_freeze.yaml,response_option,明确表达在意、陪伴或关系上的安心,PASS,明确表达在意、陪伴或关系上的安心,表达直接，可保留。
SN-S02.a:option:4,research/v3/normative/questionnaire_candidate_freeze.yaml,response_option,和我一起分析接下来怎么办,PASS,和我一起分析接下来怎么办,表达直接，可保留。
SN-S02.a:option:5,research/v3/normative/questionnaire_candidate_freeze.yaml,response_option,直接分担一点现实任务,PASS,直接分担一点现实任务,表达直接，可保留。
SN-S02.a:option:6,research/v3/normative/questionnaire_candidate_freeze.yaml,response_option,陪在身边或做点别的，不持续讨论,PASS,陪在身边或做点别的，不持续讨论,表达直接，可保留。
SN-S02.a:option:7,research/v3/normative/questionnaire_candidate_freeze.yaml,response_option,先给我一点空间，但让我知道需要时可以找他/她,PASS,先给我一点空间，但让我知道需要时可以找他/她,表达直接，可保留。
SN-S02.b,research/v3/normative/questionnaire_candidate_freeze.yaml,child_prompt,你最不希望对方一上来做哪一项？,PASS,你最不希望对方一上来做哪一项？,表达直接，可保留。
SN-S02.b:option:1,research/v3/normative/questionnaire_candidate_freeze.yaml,response_option,让我把事情完整说完，先听,PASS,让我把事情完整说完，先听,表达直接，可保留。
SN-S02.b:option:2,research/v3/normative/questionnaire_candidate_freeze.yaml,response_option,先表达理解：这件事为什么会让我难受,PASS,先表达理解：这件事为什么会让我难受,表达直接，可保留。
SN-S02.b:option:3,research/v3/normative/questionnaire_candidate_freeze.yaml,response_option,明确表达在意、陪伴或关系上的安心,PASS,明确表达在意、陪伴或关系上的安心,表达直接，可保留。
SN-S02.b:option:4,research/v3/normative/questionnaire_candidate_freeze.yaml,response_option,和我一起分析接下来怎么办,PASS,和我一起分析接下来怎么办,表达直接，可保留。
SN-S02.b:option:5,research/v3/normative/questionnaire_candidate_freeze.yaml,response_option,直接分担一点现实任务,PASS,直接分担一点现实任务,表达直接，可保留。
SN-S02.b:option:6,research/v3/normative/questionnaire_candidate_freeze.yaml,response_option,陪在身边或做点别的，不持续讨论,PASS,陪在身边或做点别的，不持续讨论,表达直接，可保留。
SN-S02.b:option:7,research/v3/normative/questionnaire_candidate_freeze.yaml,response_option,先给我一点空间，但让我知道需要时可以找他/她,PASS,先给我一点空间，但让我知道需要时可以找他/她,表达直接，可保留。
SN-S03,research/v3/normative/questionnaire_candidate_freeze.yaml,parent_prompt,你面对两个都很重要的工作/生活选择，自己想了几天仍然决定不了，但没有明显情绪崩溃。,PASS,你面对两个都很重要的工作/生活选择，自己想了几天仍然决定不了，但没有明显情绪崩溃。,表达足够具体、接近日常语言。
SN-S03.a,research/v3/normative/questionnaire_candidate_freeze.yaml,child_prompt,你最希望伴侣先做哪两项？,PASS,你最希望伴侣先做哪两项？,表达直接，可保留。
SN-S03.a:option:1,research/v3/normative/questionnaire_candidate_freeze.yaml,response_option,让我把事情完整说完，先听,PASS,让我把事情完整说完，先听,表达直接，可保留。
SN-S03.a:option:2,research/v3/normative/questionnaire_candidate_freeze.yaml,response_option,先表达理解：这件事为什么会让我难受,PASS,先表达理解：这件事为什么会让我难受,表达直接，可保留。
SN-S03.a:option:3,research/v3/normative/questionnaire_candidate_freeze.yaml,response_option,明确表达在意、陪伴或关系上的安心,PASS,明确表达在意、陪伴或关系上的安心,表达直接，可保留。
SN-S03.a:option:4,research/v3/normative/questionnaire_candidate_freeze.yaml,response_option,和我一起分析接下来怎么办,PASS,和我一起分析接下来怎么办,表达直接，可保留。
SN-S03.a:option:5,research/v3/normative/questionnaire_candidate_freeze.yaml,response_option,直接分担一点现实任务,PASS,直接分担一点现实任务,表达直接，可保留。
SN-S03.a:option:6,research/v3/normative/questionnaire_candidate_freeze.yaml,response_option,陪在身边或做点别的，不持续讨论,PASS,陪在身边或做点别的，不持续讨论,表达直接，可保留。
SN-S03.a:option:7,research/v3/normative/questionnaire_candidate_freeze.yaml,response_option,先给我一点空间，但让我知道需要时可以找他/她,PASS,先给我一点空间，但让我知道需要时可以找他/她,表达直接，可保留。
SN-S03.a:option:8,research/v3/normative/questionnaire_candidate_freeze.yaml,response_option,帮我梳理信息和利弊，但最后不要替我下结论,PASS,帮我梳理信息和利弊，但最后不要替我下结论,表达直接，可保留。
SN-S03.b,research/v3/normative/questionnaire_candidate_freeze.yaml,child_prompt,你最不希望对方一上来做哪一项？,PASS,你最不希望对方一上来做哪一项？,表达直接，可保留。
SN-S03.b:option:1,research/v3/normative/questionnaire_candidate_freeze.yaml,response_option,让我把事情完整说完，先听,PASS,让我把事情完整说完，先听,表达直接，可保留。
SN-S03.b:option:2,research/v3/normative/questionnaire_candidate_freeze.yaml,response_option,先表达理解：这件事为什么会让我难受,PASS,先表达理解：这件事为什么会让我难受,表达直接，可保留。
SN-S03.b:option:3,research/v3/normative/questionnaire_candidate_freeze.yaml,response_option,明确表达在意、陪伴或关系上的安心,PASS,明确表达在意、陪伴或关系上的安心,表达直接，可保留。
SN-S03.b:option:4,research/v3/normative/questionnaire_candidate_freeze.yaml,response_option,和我一起分析接下来怎么办,PASS,和我一起分析接下来怎么办,表达直接，可保留。
SN-S03.b:option:5,research/v3/normative/questionnaire_candidate_freeze.yaml,response_option,直接分担一点现实任务,PASS,直接分担一点现实任务,表达直接，可保留。
SN-S03.b:option:6,research/v3/normative/questionnaire_candidate_freeze.yaml,response_option,陪在身边或做点别的，不持续讨论,PASS,陪在身边或做点别的，不持续讨论,表达直接，可保留。
SN-S03.b:option:7,research/v3/normative/questionnaire_candidate_freeze.yaml,response_option,先给我一点空间，但让我知道需要时可以找他/她,PASS,先给我一点空间，但让我知道需要时可以找他/她,表达直接，可保留。
SN-S03.b:option:8,research/v3/normative/questionnaire_candidate_freeze.yaml,response_option,帮我梳理信息和利弊，但最后不要替我下结论,PASS,帮我梳理信息和利弊，但最后不要替我下结论,表达直接，可保留。
SN-S04,research/v3/normative/questionnaire_candidate_freeze.yaml,parent_prompt,你连续忙了很多天，回到家时已经明显没有精力继续处理任何事情。,PASS,你连续忙了很多天，回到家时已经明显没有精力继续处理任何事情。,表达足够具体、接近日常语言。
SN-S04.a,research/v3/normative/questionnaire_candidate_freeze.yaml,child_prompt,你最希望伴侣先做哪两项？,PASS,你最希望伴侣先做哪两项？,表达直接，可保留。
SN-S04.a:option:1,research/v3/normative/questionnaire_candidate_freeze.yaml,response_option,让我把事情完整说完，先听,PASS,让我把事情完整说完，先听,表达直接，可保留。
SN-S04.a:option:2,research/v3/normative/questionnaire_candidate_freeze.yaml,response_option,先表达理解：这件事为什么会让我难受,PASS,先表达理解：这件事为什么会让我难受,表达直接，可保留。
SN-S04.a:option:3,research/v3/normative/questionnaire_candidate_freeze.yaml,response_option,明确表达在意、陪伴或关系上的安心,PASS,明确表达在意、陪伴或关系上的安心,表达直接，可保留。
SN-S04.a:option:4,research/v3/normative/questionnaire_candidate_freeze.yaml,response_option,和我一起分析接下来怎么办,PASS,和我一起分析接下来怎么办,表达直接，可保留。
SN-S04.a:option:5,research/v3/normative/questionnaire_candidate_freeze.yaml,response_option,直接分担一点现实任务,PASS,直接分担一点现实任务,表达直接，可保留。
SN-S04.a:option:6,research/v3/normative/questionnaire_candidate_freeze.yaml,response_option,陪在身边或做点别的，不持续讨论,PASS,陪在身边或做点别的，不持续讨论,表达直接，可保留。
SN-S04.a:option:7,research/v3/normative/questionnaire_candidate_freeze.yaml,response_option,先给我一点空间，但让我知道需要时可以找他/她,PASS,先给我一点空间，但让我知道需要时可以找他/她,表达直接，可保留。
SN-S04.b,research/v3/normative/questionnaire_candidate_freeze.yaml,child_prompt,你最不希望对方一上来做哪一项？,PASS,你最不希望对方一上来做哪一项？,表达直接，可保留。
SN-S04.b:option:1,research/v3/normative/questionnaire_candidate_freeze.yaml,response_option,让我把事情完整说完，先听,PASS,让我把事情完整说完，先听,表达直接，可保留。
SN-S04.b:option:2,research/v3/normative/questionnaire_candidate_freeze.yaml,response_option,先表达理解：这件事为什么会让我难受,PASS,先表达理解：这件事为什么会让我难受,表达直接，可保留。
SN-S04.b:option:3,research/v3/normative/questionnaire_candidate_freeze.yaml,response_option,明确表达在意、陪伴或关系上的安心,PASS,明确表达在意、陪伴或关系上的安心,表达直接，可保留。
SN-S04.b:option:4,research/v3/normative/questionnaire_candidate_freeze.yaml,response_option,和我一起分析接下来怎么办,PASS,和我一起分析接下来怎么办,表达直接，可保留。
SN-S04.b:option:5,research/v3/normative/questionnaire_candidate_freeze.yaml,response_option,直接分担一点现实任务,PASS,直接分担一点现实任务,表达直接，可保留。
SN-S04.b:option:6,research/v3/normative/questionnaire_candidate_freeze.yaml,response_option,陪在身边或做点别的，不持续讨论,PASS,陪在身边或做点别的，不持续讨论,表达直接，可保留。
SN-S04.b:option:7,research/v3/normative/questionnaire_candidate_freeze.yaml,response_option,先给我一点空间，但让我知道需要时可以找他/她,PASS,先给我一点空间，但让我知道需要时可以找他/她,表达直接，可保留。
SN-S05,research/v3/normative/questionnaire_candidate_freeze.yaml,parent_prompt,你因为这段关系最近的一些变化感到不安。,PASS,你因为这段关系最近的一些变化感到不安。,表达足够具体、接近日常语言。
SN-S05.a,research/v3/normative/questionnaire_candidate_freeze.yaml,child_prompt,你最希望伴侣先提供哪些回应？,PASS,你最希望伴侣先提供哪些回应？,表达直接，可保留。
SN-S05.a:option:1,research/v3/normative/questionnaire_candidate_freeze.yaml,response_option,先听我把担心说完,PASS,先听我把担心说完,表达直接，可保留。
SN-S05.a:option:2,research/v3/normative/questionnaire_candidate_freeze.yaml,response_option,表达理解和在意,PASS,表达理解和在意,表达直接，可保留。
SN-S05.a:option:3,research/v3/normative/questionnaire_candidate_freeze.yaml,response_option,明确告诉我他/她对这段关系目前的真实想法,PASS,明确告诉我他/她对这段关系目前的真实想法,表达直接，可保留。
SN-S05.a:option:4,research/v3/normative/questionnaire_candidate_freeze.yaml,response_option,给出一句关系上的明确安心 / 确认,PASS,给出一句关系上的明确安心 / 确认,表达直接，可保留。
SN-S05.a:option:5,research/v3/normative/questionnaire_candidate_freeze.yaml,response_option,先让我自己缓一会儿,PASS,先让我自己缓一会儿,表达直接，可保留。
SN-S05.a:option:6,research/v3/normative/questionnaire_candidate_freeze.yaml,response_option,和我一起分析现在到底发生了什么,PASS,和我一起分析现在到底发生了什么,表达直接，可保留。
SN-S05.b,research/v3/normative/questionnaire_candidate_freeze.yaml,child_prompt,其中“希望对方明确说明关系状态”对你有多重要？,PASS,其中“希望对方明确说明关系状态”对你有多重要？,表达直接，可保留。
SN-S06,research/v3/normative/questionnaire_candidate_freeze.yaml,parent_prompt,你生病几天，身体状态明显不好。,PASS,你生病几天，身体状态明显不好。,表达足够具体、接近日常语言。
SN-S06.a,research/v3/normative/questionnaire_candidate_freeze.yaml,child_prompt,你最希望伴侣先做哪两项？,PASS,你最希望伴侣先做哪两项？,表达直接，可保留。
SN-S06.a:option:1,research/v3/normative/questionnaire_candidate_freeze.yaml,response_option,让我把事情完整说完，先听,PASS,让我把事情完整说完，先听,表达直接，可保留。
SN-S06.a:option:2,research/v3/normative/questionnaire_candidate_freeze.yaml,response_option,先表达理解：这件事为什么会让我难受,PASS,先表达理解：这件事为什么会让我难受,表达直接，可保留。
SN-S06.a:option:3,research/v3/normative/questionnaire_candidate_freeze.yaml,response_option,明确表达在意、陪伴或关系上的安心,PASS,明确表达在意、陪伴或关系上的安心,表达直接，可保留。
SN-S06.a:option:4,research/v3/normative/questionnaire_candidate_freeze.yaml,response_option,和我一起分析接下来怎么办,PASS,和我一起分析接下来怎么办,表达直接，可保留。
SN-S06.a:option:5,research/v3/normative/questionnaire_candidate_freeze.yaml,response_option,直接分担一点现实任务,PASS,直接分担一点现实任务,表达直接，可保留。
SN-S06.a:option:6,research/v3/normative/questionnaire_candidate_freeze.yaml,response_option,陪在身边或做点别的，不持续讨论,PASS,陪在身边或做点别的，不持续讨论,表达直接，可保留。
SN-S06.a:option:7,research/v3/normative/questionnaire_candidate_freeze.yaml,response_option,先给我一点空间，但让我知道需要时可以找他/她,PASS,先给我一点空间，但让我知道需要时可以找他/她,表达直接，可保留。
SN-S06.b,research/v3/normative/questionnaire_candidate_freeze.yaml,child_prompt,你最不希望对方一上来做哪一项？,PASS,你最不希望对方一上来做哪一项？,表达直接，可保留。
SN-S06.b:option:1,research/v3/normative/questionnaire_candidate_freeze.yaml,response_option,让我把事情完整说完，先听,PASS,让我把事情完整说完，先听,表达直接，可保留。
SN-S06.b:option:2,research/v3/normative/questionnaire_candidate_freeze.yaml,response_option,先表达理解：这件事为什么会让我难受,PASS,先表达理解：这件事为什么会让我难受,表达直接，可保留。
SN-S06.b:option:3,research/v3/normative/questionnaire_candidate_freeze.yaml,response_option,明确表达在意、陪伴或关系上的安心,PASS,明确表达在意、陪伴或关系上的安心,表达直接，可保留。
SN-S06.b:option:4,research/v3/normative/questionnaire_candidate_freeze.yaml,response_option,和我一起分析接下来怎么办,PASS,和我一起分析接下来怎么办,表达直接，可保留。
SN-S06.b:option:5,research/v3/normative/questionnaire_candidate_freeze.yaml,response_option,直接分担一点现实任务,PASS,直接分担一点现实任务,表达直接，可保留。
SN-S06.b:option:6,research/v3/normative/questionnaire_candidate_freeze.yaml,response_option,陪在身边或做点别的，不持续讨论,PASS,陪在身边或做点别的，不持续讨论,表达直接，可保留。
SN-S06.b:option:7,research/v3/normative/questionnaire_candidate_freeze.yaml,response_option,先给我一点空间，但让我知道需要时可以找他/她,PASS,先给我一点空间，但让我知道需要时可以找他/她,表达直接，可保留。
SN01,research/v3/normative/questionnaire_candidate_freeze.yaml,parent_prompt,自己很难受时，我通常更希望对方先理解发生了什么，而不是马上给解决方案。,PASS,自己很难受时，我通常更希望对方先理解发生了什么，而不是马上给解决方案。,表达足够具体、接近日常语言。
SN02,research/v3/normative/questionnaire_candidate_freeze.yaml,parent_prompt,如果我已经很清楚问题怎么解决，我更需要的是有人真正理解我现在的感受。,PASS,如果我已经很清楚问题怎么解决，我更需要的是有人真正理解我现在的感受。,表达足够具体、接近日常语言。
SN03,research/v3/normative/questionnaire_candidate_freeze.yaml,parent_prompt,面对能解决的现实问题时，只有安慰却没有任何实际帮助，有时会让我觉得支持还不够。,PASS,面对能解决的现实问题时，只有安慰却没有任何实际帮助，有时会让我觉得支持还不够。,表达足够具体、接近日常语言。
SN04,research/v3/normative/questionnaire_candidate_freeze.yaml,parent_prompt,有些时候，我需要的不是一直说话，而是知道对方愿意陪在身边。,PASS,有些时候，我需要的不是一直说话，而是知道对方愿意陪在身边。,表达足够具体、接近日常语言。
SN05,research/v3/normative/questionnaire_candidate_freeze.yaml,parent_prompt,当我情绪很乱时，对方明确告诉我“我还在、我们可以一起处理”，通常会让我舒服一些。,PASS,当我情绪很乱时，对方明确告诉我“我还在、我们可以一起处理”，通常会让我舒服一些。,表达足够具体、接近日常语言。
SN06,research/v3/normative/questionnaire_candidate_freeze.yaml,parent_prompt,状态非常差时，我有时更希望先自己消化一会儿，再决定要不要谈。,PASS,状态非常差时，我有时更希望先自己消化一会儿，再决定要不要谈。,表达足够具体、接近日常语言。
SN07,research/v3/normative/questionnaire_candidate_freeze.yaml,parent_prompt,如果对方不确定我需要安慰、建议还是空间，我更喜欢他直接问我。,PASS,如果对方不确定我需要安慰、建议还是空间，我更喜欢他直接问我。,表达足够具体、接近日常语言。
SN08,research/v3/normative/questionnaire_candidate_freeze.yaml,parent_prompt,对我来说，好的支持经常不是做得越多越好，而是对方能判断什么时候该帮、什么时候该停。,PASS,对我来说，好的支持经常不是做得越多越好，而是对方能判断什么时候该帮、什么时候该停。,表达足够具体、接近日常语言。
SS-S01,research/v3/normative/questionnaire_candidate_freeze.yaml,parent_prompt,你今天发生了一件很糟的事情。伴侣问：“你怎么了？”,PASS,你今天发生了一件很糟的事情。伴侣问：“你怎么了？”,表达足够具体、接近日常语言。
SS-S01:option:1,research/v3/normative/questionnaire_candidate_freeze.yaml,response_option,直接说发生了什么，并告诉他/她现在希望先听,PASS,直接说发生了什么，并告诉他/她现在希望先听,表达直接，可保留。
SS-S01:option:2,research/v3/normative/questionnaire_candidate_freeze.yaml,response_option,说发生了什么，但不主动说需要什么,PASS,说发生了什么，但不主动说需要什么,表达直接，可保留。
SS-S01:option:3,research/v3/normative/questionnaire_candidate_freeze.yaml,response_option,说“没什么”，希望之后对方能看出自己其实不对,PASS,说“没什么”，希望之后对方能看出自己其实不对,表达直接，可保留。
SS-S01:option:4,research/v3/normative/questionnaire_candidate_freeze.yaml,response_option,先说自己想缓一会儿，并约定晚点再谈,PASS,先说自己想缓一会儿，并约定晚点再谈,表达直接，可保留。
SS-S01:option:5,research/v3/normative/questionnaire_candidate_freeze.yaml,response_option,不想让对方知道，自己处理,PASS,不想让对方知道，自己处理,表达直接，可保留。
SS-S01:option:6,research/v3/normative/questionnaire_candidate_freeze.yaml,response_option,取决于情况,PASS,取决于情况,表达直接，可保留。
SS-S02,research/v3/normative/questionnaire_candidate_freeze.yaml,parent_prompt,你已经说自己很难受，对方开始不断给建议，但你现在只想把事情说完。,PASS,你已经说自己很难受，对方开始不断给建议，但你现在只想把事情说完。,表达足够具体、接近日常语言。
SS-S02:option:1,research/v3/normative/questionnaire_candidate_freeze.yaml,response_option,直接说“先听我说完，暂时不用帮我想方案”,PASS,直接说“先听我说完，暂时不用帮我想方案”,表达直接，可保留。
SS-S02:option:2,research/v3/normative/questionnaire_candidate_freeze.yaml,response_option,继续听建议，虽然其实更烦,PASS,继续听建议，虽然其实更烦,表达直接，可保留。
SS-S02:option:3,research/v3/normative/questionnaire_candidate_freeze.yaml,response_option,变得更沉默，希望他自己发现,PASS,变得更沉默，希望他自己发现,表达直接，可保留。
SS-S02:option:4,research/v3/normative/questionnaire_candidate_freeze.yaml,response_option,结束话题,PASS,结束话题,表达直接，可保留。
SS-S02:option:5,research/v3/normative/questionnaire_candidate_freeze.yaml,response_option,取决于当时情况,PASS,取决于当时情况,表达直接，可保留。
SS01,research/v3/normative/questionnaire_candidate_freeze.yaml,parent_prompt,自己状态明显不好时，我通常会让重要的人知道，而不是完全表现得像没事。,PASS,自己状态明显不好时，我通常会让重要的人知道，而不是完全表现得像没事。,表达足够具体、接近日常语言。
SS02,research/v3/normative/questionnaire_candidate_freeze.yaml,parent_prompt,如果我确实需要陪伴或帮助，我能够直接说“我现在需要你陪我一下 / 帮我一下”。,PASS,如果我确实需要陪伴或帮助，我能够直接说“我现在需要你陪我一下 / 帮我一下”。,表达足够具体、接近日常语言。
SS03,research/v3/normative/questionnaire_candidate_freeze.yaml,parent_prompt,我比较容易告诉对方自己难受，但不一定会说清楚希望他怎么回应。,PASS,我比较容易告诉对方自己难受，但不一定会说清楚希望他怎么回应。,表达足够具体、接近日常语言。
SS04,research/v3/normative/questionnaire_candidate_freeze.yaml,parent_prompt,我有时希望对方能自己看出来我不对，而不是需要我明确开口。,PASS,我有时希望对方能自己看出来我不对，而不是需要我明确开口。,表达足够具体、接近日常语言。
SS05,research/v3/normative/questionnaire_candidate_freeze.yaml,parent_prompt,即使很希望得到支持，我也可能先说“没事”，直到自己真的撑不住。,PASS,即使很希望得到支持，我也可能先说“没事”，直到自己真的撑不住。,表达足够具体、接近日常语言。
SS06,research/v3/normative/questionnaire_candidate_freeze.yaml,parent_prompt,如果对方的安慰方式不太适合我，我通常能直接告诉他“我现在更需要的是……”。,PASS,如果对方的安慰方式不太适合我，我通常能直接告诉他“我现在更需要的是……”。,表达足够具体、接近日常语言。
SS07,research/v3/normative/questionnaire_candidate_freeze.yaml,parent_prompt,在压力刚开始变大时，我通常不会马上告诉伴侣，而是先自己处理很久。,PASS,在压力刚开始变大时，我通常不会马上告诉伴侣，而是先自己处理很久。,表达足够具体、接近日常语言。
SS08,research/v3/normative/questionnaire_candidate_freeze.yaml,parent_prompt,当我已经表达过需要，但对方没有理解时，我能够再更具体地说明一次。,PASS,当我已经表达过需要，但对方没有理解时，我能够再更具体地说明一次。,表达足够具体、接近日常语言。
SS09,research/v3/normative/questionnaire_candidate_freeze.yaml,parent_prompt,我有时会用语气、沉默或减少互动来让对方意识到我不开心，而不是直接说明。,PASS,我有时会用语气、沉默或减少互动来让对方意识到我不开心，而不是直接说明。,表达足够具体、接近日常语言。
SS10,research/v3/normative/questionnaire_candidate_freeze.yaml,parent_prompt,如果我担心自己的问题会给对方增加负担，我很容易选择不说。,PASS,如果我担心自己的问题会给对方增加负担，我很容易选择不说。,表达足够具体、接近日常语言。
UA-B01,research/v3/normative/questionnaire_candidate_freeze.yaml,parent_prompt,在我最近/当前的一段关系或持续接触中，我经常不知道对方到底想不想继续发展。,PASS,在我最近/当前的一段关系或持续接触中，我经常不知道对方到底想不想继续发展。,表达足够具体、接近日常语言。
UA-B02,research/v3/normative/questionnaire_candidate_freeze.yaml,parent_prompt,我认为认真发展的两个人本来就应该每天保持联系。,PASS,我认为认真发展的两个人本来就应该每天保持联系。,表达足够具体、接近日常语言。
UA-B03,research/v3/normative/questionnaire_candidate_freeze.yaml,parent_prompt,当我不安时，听到对方明确说“关系没有问题”会让我感觉好很多。,PASS,当我不安时，听到对方明确说“关系没有问题”会让我感觉好很多。,表达足够具体、接近日常语言。
UA-B04,research/v3/normative/questionnaire_candidate_freeze.yaml,parent_prompt,只要事情没有确定答案，不管是不是恋爱，我通常都会很难受。,PASS,只要事情没有确定答案，不管是不是恋爱，我通常都会很难受。,表达足够具体、接近日常语言。
UA-B05,research/v3/normative/questionnaire_candidate_freeze.yaml,parent_prompt,伴侣和可能成为竞争者的人接触时，我很容易产生嫉妒。,PASS,伴侣和可能成为竞争者的人接触时，我很容易产生嫉妒。,表达足够具体、接近日常语言。
UA-B06,research/v3/normative/questionnaire_candidate_freeze.yaml,parent_prompt,即使没有明显证据，我也很难完全相信伴侣不会背着我做什么。,PASS,即使没有明显证据，我也很难完全相信伴侣不会背着我做什么。,表达足够具体、接近日常语言。
UA-S01,research/v3/normative/questionnaire_candidate_freeze.yaml,parent_prompt,你和一个人已经持续聊了几周。之前双方基本每天都会自然联系。最近两天，对方回复明显变慢、内容也短了一些，但没有说发生了什么。,PASS,你和一个人已经持续聊了几周。之前双方基本每天都会自然联系。最近两天，对方回复明显变慢、内容也短了一些，但没有说发生了什么。,表达足够具体、接近日常语言。
UA-S01.a,research/v3/normative/questionnaire_candidate_freeze.yaml,child_prompt,这件事本身会让你多在意？,PASS,这件事本身会让你多在意？,表达直接，可保留。
UA-S01.b,research/v3/normative/questionnaire_candidate_freeze.yaml,child_prompt,在没有更多信息之前，这件事会多容易一直占着你的注意力？,REWRITE,在知道更多之前，你会在多大程度上一直想着这件事？,当前表达偏测量学/调查语言，改成直接问用户。
UA-S01.c,research/v3/normative/questionnaire_candidate_freeze.yaml,child_prompt,在目前信息下，你更接近哪种判断？,PASS,在目前信息下，你更接近哪种判断？,表达直接，可保留。
UA-S01.c:option:1,research/v3/normative/questionnaire_candidate_freeze.yaml,response_option,更可能只是忙 / 状态变化,PASS,更可能只是忙 / 状态变化,表达直接，可保留。
UA-S01.c:option:2,research/v3/normative/questionnaire_candidate_freeze.yaml,response_option,两种可能都差不多,PASS,两种可能都差不多,表达直接，可保留。
UA-S01.c:option:3,research/v3/normative/questionnaire_candidate_freeze.yaml,response_option,更可能是兴趣在下降,PASS,更可能是兴趣在下降,表达直接，可保留。
UA-S01.c:option:4,research/v3/normative/questionnaire_candidate_freeze.yaml,response_option,现在信息太少，我不会判断,PASS,现在信息太少，我不会判断,表达直接，可保留。
UA-S02,research/v3/normative/questionnaire_candidate_freeze.yaml,parent_prompt,你们原本约好周六见面。周五晚上，对方说临时有事，希望改天，但没有主动给新的时间。,PASS,你们原本约好周六见面。周五晚上，对方说临时有事，希望改天，但没有主动给新的时间。,表达足够具体、接近日常语言。
UA-S02.a,research/v3/normative/questionnaire_candidate_freeze.yaml,child_prompt,这件事本身会让你多在意？,PASS,这件事本身会让你多在意？,表达直接，可保留。
UA-S02.b,research/v3/normative/questionnaire_candidate_freeze.yaml,child_prompt,在没有更多信息之前，这件事会多容易一直占着你的注意力？,REWRITE,在知道更多之前，你会在多大程度上一直想着这件事？,当前表达偏测量学/调查语言，改成直接问用户。
UA-S02.c,research/v3/normative/questionnaire_candidate_freeze.yaml,child_prompt,在目前信息下，你更接近哪种判断？,PASS,在目前信息下，你更接近哪种判断？,表达直接，可保留。
UA-S02.c:option:1,research/v3/normative/questionnaire_candidate_freeze.yaml,response_option,更可能只是临时状况 / 状态变化,PASS,更可能只是临时状况 / 状态变化,表达直接，可保留。
UA-S02.c:option:2,research/v3/normative/questionnaire_candidate_freeze.yaml,response_option,几种可能都存在，目前无法判断,PASS,几种可能都存在，目前无法判断,表达直接，可保留。
UA-S02.c:option:3,research/v3/normative/questionnaire_candidate_freeze.yaml,response_option,更可能意味着对方投入或兴趣在下降,PASS,更可能意味着对方投入或兴趣在下降,表达直接，可保留。
UA-S02.c:option:4,research/v3/normative/questionnaire_candidate_freeze.yaml,response_option,我通常不会在这个阶段主动解释它意味着什么,PASS,我通常不会在这个阶段主动解释它意味着什么,表达直接，可保留。
UA-S03,research/v3/normative/questionnaire_candidate_freeze.yaml,parent_prompt,一次你自己觉得很不错的见面后，对方第二天态度正常，但明显没有你预想中那么热情。,PASS,一次你自己觉得很不错的见面后，对方第二天态度正常，但明显没有你预想中那么热情。,表达足够具体、接近日常语言。
UA-S03.a,research/v3/normative/questionnaire_candidate_freeze.yaml,child_prompt,这件事本身会让你多在意？,PASS,这件事本身会让你多在意？,表达直接，可保留。
UA-S03.b,research/v3/normative/questionnaire_candidate_freeze.yaml,child_prompt,在没有更多信息之前，这件事会多容易一直占着你的注意力？,REWRITE,在知道更多之前，你会在多大程度上一直想着这件事？,当前表达偏测量学/调查语言，改成直接问用户。
UA-S03.c,research/v3/normative/questionnaire_candidate_freeze.yaml,child_prompt,在目前信息下，你更接近哪种判断？,PASS,在目前信息下，你更接近哪种判断？,表达直接，可保留。
UA-S03.c:option:1,research/v3/normative/questionnaire_candidate_freeze.yaml,response_option,更可能只是临时状况 / 状态变化,PASS,更可能只是临时状况 / 状态变化,表达直接，可保留。
UA-S03.c:option:2,research/v3/normative/questionnaire_candidate_freeze.yaml,response_option,几种可能都存在，目前无法判断,PASS,几种可能都存在，目前无法判断,表达直接，可保留。
UA-S03.c:option:3,research/v3/normative/questionnaire_candidate_freeze.yaml,response_option,更可能意味着对方投入或兴趣在下降,PASS,更可能意味着对方投入或兴趣在下降,表达直接，可保留。
UA-S03.c:option:4,research/v3/normative/questionnaire_candidate_freeze.yaml,response_option,我通常不会在这个阶段主动解释它意味着什么,PASS,我通常不会在这个阶段主动解释它意味着什么,表达直接，可保留。
UA-S04,research/v3/normative/questionnaire_candidate_freeze.yaml,parent_prompt,一个已经持续见面的人告诉你：“我最近有点忙，也想让我们慢一点，不用那么频繁见。”,PASS,一个已经持续见面的人告诉你：“我最近有点忙，也想让我们慢一点，不用那么频繁见。”,表达足够具体、接近日常语言。
UA-S04.a,research/v3/normative/questionnaire_candidate_freeze.yaml,child_prompt,这件事会让你多在意？,PASS,这件事会让你多在意？,表达直接，可保留。
UA-S04.b,research/v3/normative/questionnaire_candidate_freeze.yaml,child_prompt,你多容易把它理解为关系可能出了问题？,REWRITE,你有多容易觉得，这可能说明关系出了问题？,当前表达偏测量学/调查语言，改成直接问用户。
UA-S04.c,research/v3/normative/questionnaire_candidate_freeze.yaml,child_prompt,在出现更多信息前，这件事多容易持续占住你的注意力？,REWRITE,在知道更多之前，你会在多大程度上一直想着这件事？,当前表达偏测量学/调查语言，改成直接问用户。
UA-S05,research/v3/normative/questionnaire_candidate_freeze.yaml,parent_prompt,你们已经稳定见面两个月，互动也比较亲密，但双方一直没有明确谈过是否只和彼此约会、接下来想怎么发展。,PASS,你们已经稳定见面两个月，互动也比较亲密，但双方一直没有明确谈过是否只和彼此约会、接下来想怎么发展。,表达足够具体、接近日常语言。
UA-S05.a,research/v3/normative/questionnaire_candidate_freeze.yaml,child_prompt,这件事会让你多在意？,PASS,这件事会让你多在意？,表达直接，可保留。
UA-S05.b,research/v3/normative/questionnaire_candidate_freeze.yaml,child_prompt,你多容易把它理解为关系可能出了问题？,REWRITE,你有多容易觉得，这可能说明关系出了问题？,当前表达偏测量学/调查语言，改成直接问用户。
UA-S05.c,research/v3/normative/questionnaire_candidate_freeze.yaml,child_prompt,在出现更多信息前，这件事多容易持续占住你的注意力？,REWRITE,在知道更多之前，你会在多大程度上一直想着这件事？,当前表达偏测量学/调查语言，改成直接问用户。
UA-S06,research/v3/normative/questionnaire_candidate_freeze.yaml,parent_prompt,你注意到对方近期线上活跃很多，但对你的回复变少。,PASS,你注意到对方近期线上活跃很多，但对你的回复变少。,表达足够具体、接近日常语言。
UA-S06.a,research/v3/normative/questionnaire_candidate_freeze.yaml,child_prompt,这件事会让你多在意？,PASS,这件事会让你多在意？,表达直接，可保留。
UA-S06.b,research/v3/normative/questionnaire_candidate_freeze.yaml,child_prompt,你多容易把它理解为关系可能出了问题？,REWRITE,你有多容易觉得，这可能说明关系出了问题？,当前表达偏测量学/调查语言，改成直接问用户。
UA-S06.c,research/v3/normative/questionnaire_candidate_freeze.yaml,child_prompt,在出现更多信息前，这件事多容易持续占住你的注意力？,REWRITE,在知道更多之前，你会在多大程度上一直想着这件事？,当前表达偏测量学/调查语言，改成直接问用户。
UA-S07,research/v3/normative/questionnaire_candidate_freeze.yaml,parent_prompt,已经在稳定交往的人突然说：“这几天我想自己待一待，过几天再联系。”,PASS,已经在稳定交往的人突然说：“这几天我想自己待一待，过几天再联系。”,表达足够具体、接近日常语言。
UA-S07.a,research/v3/normative/questionnaire_candidate_freeze.yaml,child_prompt,这件事会让你多在意？,PASS,这件事会让你多在意？,表达直接，可保留。
UA-S07.b,research/v3/normative/questionnaire_candidate_freeze.yaml,child_prompt,你多容易把它理解为关系可能出了问题？,REWRITE,你有多容易觉得，这可能说明关系出了问题？,当前表达偏测量学/调查语言，改成直接问用户。
UA-S07.c,research/v3/normative/questionnaire_candidate_freeze.yaml,child_prompt,在出现更多信息前，这件事多容易持续占住你的注意力？,REWRITE,在知道更多之前，你会在多大程度上一直想着这件事？,当前表达偏测量学/调查语言，改成直接问用户。
UA-S08,research/v3/normative/questionnaire_candidate_freeze.yaml,parent_prompt,对方明确告诉你“不是关系的问题”，但接下来几天的联系和投入仍比平时少。,PASS,对方明确告诉你“不是关系的问题”，但接下来几天的联系和投入仍比平时少。,表达足够具体、接近日常语言。
UA-S08.a,research/v3/normative/questionnaire_candidate_freeze.yaml,child_prompt,这件事会让你多在意？,PASS,这件事会让你多在意？,表达直接，可保留。
UA-S08.b,research/v3/normative/questionnaire_candidate_freeze.yaml,child_prompt,你多容易把它理解为关系可能出了问题？,REWRITE,你有多容易觉得，这可能说明关系出了问题？,当前表达偏测量学/调查语言，改成直接问用户。
UA-S08.c,research/v3/normative/questionnaire_candidate_freeze.yaml,child_prompt,在出现更多信息前，这件事多容易持续占住你的注意力？,REWRITE,在知道更多之前，你会在多大程度上一直想着这件事？,当前表达偏测量学/调查语言，改成直接问用户。
UA01,research/v3/normative/questionnaire_candidate_freeze.yaml,parent_prompt,当一个正在认真了解的人，联系语气或频率和之前有明显变化时，我通常会比较快注意到。,PASS,当一个正在认真了解的人，联系语气或频率和之前有明显变化时，我通常会比较快注意到。,表达足够具体、接近日常语言。
UA02,research/v3/normative/questionnaire_candidate_freeze.yaml,parent_prompt,如果对方突然比平时冷淡，我很难完全把它当作“可能只是今天状态不一样”。,PASS,如果对方突然比平时冷淡，我很难完全把它当作“可能只是今天状态不一样”。,表达足够具体、接近日常语言。
UA03,research/v3/normative/questionnaire_candidate_freeze.yaml,parent_prompt,在关系里出现一个我解释不了的变化后，即使正在做别的事情，我也容易反复想到它。,PASS,在关系里出现一个我解释不了的变化后，即使正在做别的事情，我也容易反复想到它。,表达足够具体、接近日常语言。
UA04,research/v3/normative/questionnaire_candidate_freeze.yaml,parent_prompt,比起一个明确但不理想的答案，关系里长时间没有答案的状态有时更让我难受。,PASS,比起一个明确但不理想的答案，关系里长时间没有答案的状态有时更让我难受。,表达足够具体、接近日常语言。
UA05,research/v3/normative/questionnaire_candidate_freeze.yaml,parent_prompt,即使只有少量迹象让我觉得对方可能在退后，这种可能性也会很快进入我的注意力。,PASS,即使只有少量迹象让我觉得对方可能在退后，这种可能性也会很快进入我的注意力。,表达足够具体、接近日常语言。
UA06,research/v3/normative/questionnaire_candidate_freeze.yaml,parent_prompt,如果我感觉关系有一点不对，但又不知道原因，这种悬着的感觉通常不会很快自己消失。,PASS,如果我感觉关系有一点不对，但又不知道原因，这种悬着的感觉通常不会很快自己消失。,表达足够具体、接近日常语言。
UA07,research/v3/normative/questionnaire_candidate_freeze.yaml,parent_prompt,对方没有明确拒绝我，但表现得不像之前那么投入时，我会明显在意这种变化。,PASS,对方没有明确拒绝我，但表现得不像之前那么投入时，我会明显在意这种变化。,表达足够具体、接近日常语言。
UA08,research/v3/normative/questionnaire_candidate_freeze.yaml,parent_prompt,当我感觉自己可能比对方更投入时，这件事会很快影响我的情绪状态。,PASS,当我感觉自己可能比对方更投入时，这件事会很快影响我的情绪状态。,表达足够具体、接近日常语言。
UA09,research/v3/normative/questionnaire_candidate_freeze.yaml,parent_prompt,如果我们已经持续接触了一段时间，但我仍然不清楚对方怎么看这段关系，我会越来越难把这种不确定当作无所谓。,PASS,如果我们已经持续接触了一段时间，但我仍然不清楚对方怎么看这段关系，我会越来越难把这种不确定当作无所谓。,表达足够具体、接近日常语言。
UA10,research/v3/normative/questionnaire_candidate_freeze.yaml,parent_prompt,关系里的模糊变化发生后，我通常可以先保留几种解释，不会很快认定它意味着对方在疏远我。,PASS,关系里的模糊变化发生后，我通常可以先保留几种解释，不会很快认定它意味着对方在疏远我。,表达足够具体、接近日常语言。
UA11,research/v3/normative/questionnaire_candidate_freeze.yaml,parent_prompt,当我怀疑一个重要的人可能正在减少对这段关系的投入时，我的情绪很容易明显被带动。,PASS,当我怀疑一个重要的人可能正在减少对这段关系的投入时，我的情绪很容易明显被带动。,表达足够具体、接近日常语言。
UA12,research/v3/normative/questionnaire_candidate_freeze.yaml,parent_prompt,一旦我开始怀疑关系状态发生了变化，想完全把注意力转回其他事情并不容易。,PASS,一旦我开始怀疑关系状态发生了变化，想完全把注意力转回其他事情并不容易。,表达足够具体、接近日常语言。
UA13,research/v3/normative/questionnaire_candidate_freeze.yaml,parent_prompt,即使暂时不知道对方是什么意思，我通常也能等更多信息出现，再决定这件事到底意味着什么。,PASS,即使暂时不知道对方是什么意思，我通常也能等更多信息出现，再决定这件事到底意味着什么。,表达足够具体、接近日常语言。
UA14,research/v3/normative/questionnaire_candidate_freeze.yaml,parent_prompt,如果我已经觉得关系可能有问题，让这件事暂时没有结论会让我很难受。,PASS,如果我已经觉得关系可能有问题，让这件事暂时没有结论会让我很难受。,表达足够具体、接近日常语言。
UR-DC01,research/v3/normative/questionnaire_candidate_freeze.yaml,parent_prompt,感觉对方态度发生变化时，我更愿意找一个合适的时机直接问，而不是主要靠自己猜。,PASS,感觉对方态度发生变化时，我更愿意找一个合适的时机直接问，而不是主要靠自己猜。,表达足够具体、接近日常语言。
UR-DC02,research/v3/normative/questionnaire_candidate_freeze.yaml,parent_prompt,如果我不清楚双方现在是什么关系，我通常倾向于把这个问题真正拿出来谈。,PASS,如果我不清楚双方现在是什么关系，我通常倾向于把这个问题真正拿出来谈。,表达足够具体、接近日常语言。
UR-DC03,research/v3/normative/questionnaire_candidate_freeze.yaml,parent_prompt,我询问关系问题时，通常会把“我观察到什么”和“我想知道什么”直接说清楚。,PASS,我询问关系问题时，通常会把“我观察到什么”和“我想知道什么”直接说清楚。,表达足够具体、接近日常语言。
UR-DC04,research/v3/normative/questionnaire_candidate_freeze.yaml,parent_prompt,即使我担心答案可能不是自己想听的，长期猜测通常仍会让我更想直接确认。,PASS,即使我担心答案可能不是自己想听的，长期猜测通常仍会让我更想直接确认。,表达足够具体、接近日常语言。
UR-MO01,research/v3/normative/questionnaire_candidate_freeze.yaml,parent_prompt,如果我怀疑对方在疏远我，我会更留意他的线上动态或其他行为线索。,PASS,如果我怀疑对方在疏远我，我会更留意他的线上动态或其他行为线索。,表达足够具体、接近日常语言。
UR-MO02,research/v3/normative/questionnaire_candidate_freeze.yaml,parent_prompt,有些时候，我会通过共同朋友或其他间接信息判断对方最近到底是什么状态。,PASS,有些时候，我会通过共同朋友或其他间接信息判断对方最近到底是什么状态。,表达足够具体、接近日常语言。
UR-MO03,research/v3/normative/questionnaire_candidate_freeze.yaml,parent_prompt,当对方给的信息很少时，我会自然地去拼接其他线索，看看它们是否支持我的担心。,PASS,当对方给的信息很少时，我会自然地去拼接其他线索，看看它们是否支持我的担心。,表达足够具体、接近日常语言。
UR-MO04,research/v3/normative/questionnaire_candidate_freeze.yaml,parent_prompt,与其直接问一个可能尴尬的问题，我有时更愿意先从别的地方确认。,PASS,与其直接问一个可能尴尬的问题，我有时更愿意先从别的地方确认。,表达足够具体、接近日常语言。
UR-PO01,research/v3/normative/questionnaire_candidate_freeze.yaml,parent_prompt,感觉关系有一点变化时，我通常会先观察几天，看这种变化会不会自己消失。,PASS,感觉关系有一点变化时，我通常会先观察几天，看这种变化会不会自己消失。,表达足够具体、接近日常语言。
UR-PO02,research/v3/normative/questionnaire_candidate_freeze.yaml,parent_prompt,在信息还很少的时候，我比较愿意先看对方接下来的行动，再决定要不要谈。,PASS,在信息还很少的时候，我比较愿意先看对方接下来的行动，再决定要不要谈。,表达足够具体、接近日常语言。
UR-PO03,research/v3/normative/questionnaire_candidate_freeze.yaml,parent_prompt,比起马上问清楚，我常常更相信一段时间里的行为会给我答案。,PASS,比起马上问清楚，我常常更相信一段时间里的行为会给我答案。,表达足够具体、接近日常语言。
UR-RS01,research/v3/normative/questionnaire_candidate_freeze.yaml,parent_prompt,当我已经担心对方没那么在意我时，听到一次明确确认通常能让我暂时安心。,PASS,当我已经担心对方没那么在意我时，听到一次明确确认通常能让我暂时安心。,表达足够具体、接近日常语言。
UR-RS02,research/v3/normative/questionnaire_candidate_freeze.yaml,parent_prompt,即使对方已经明确说过关系没有问题，我有时仍会很快再次需要确认。,PASS,即使对方已经明确说过关系没有问题，我有时仍会很快再次需要确认。,表达足够具体、接近日常语言。
UR-RS03,research/v3/normative/questionnaire_candidate_freeze.yaml,parent_prompt,当不安没有消失时，我可能会从不同角度反复确认对方对我的感觉。,PASS,当不安没有消失时，我可能会从不同角度反复确认对方对我的感觉。,表达足够具体、接近日常语言。
UR-RS04,research/v3/normative/questionnaire_candidate_freeze.yaml,parent_prompt,对方的一次解释如果和我观察到的行为不完全一致，我通常还会继续寻找更多确认。,PASS,对方的一次解释如果和我观察到的行为不完全一致，我通常还会继续寻找更多确认。,表达足够具体、接近日常语言。
UR-RU01,research/v3/normative/questionnaire_candidate_freeze.yaml,parent_prompt,一旦觉得关系可能发生了变化，我会反复回想最近的聊天或见面，想找到原因。,PASS,一旦觉得关系可能发生了变化，我会反复回想最近的聊天或见面，想找到原因。,表达足够具体、接近日常语言。
UR-RU02,research/v3/normative/questionnaire_candidate_freeze.yaml,parent_prompt,对方一句模糊的话，可能会让我在脑子里反复想它到底是什么意思。,PASS,对方一句模糊的话，可能会让我在脑子里反复想它到底是什么意思。,表达足够具体、接近日常语言。
UR-RU03,research/v3/normative/questionnaire_candidate_freeze.yaml,parent_prompt,当我不知道对方为什么变冷淡时，我容易不断生成不同解释，却很难真正确定一个。,PASS,当我不知道对方为什么变冷淡时，我容易不断生成不同解释，却很难真正确定一个。,表达足够具体、接近日常语言。
UR-RU04,research/v3/normative/questionnaire_candidate_freeze.yaml,parent_prompt,即使目前没有新信息，我也可能继续在脑子里分析这件事。,PASS,即使目前没有新信息，我也可能继续在脑子里分析这件事。,表达足够具体、接近日常语言。
UR-TP01,research/v3/normative/questionnaire_candidate_freeze.yaml,parent_prompt,如果我感觉对方在退后，我有时也会故意减少联系，看他会不会主动找我。,PASS,如果我感觉对方在退后，我有时也会故意减少联系，看他会不会主动找我。,表达足够具体、接近日常语言。
UR-TP02,research/v3/normative/questionnaire_candidate_freeze.yaml,parent_prompt,当我不确定对方在不在意我时，我可能不会直接问，而是用一点距离看看他的反应。,PASS,当我不确定对方在不在意我时，我可能不会直接问，而是用一点距离看看他的反应。,表达足够具体、接近日常语言。
UR-TP03,research/v3/normative/questionnaire_candidate_freeze.yaml,parent_prompt,我有时会通过“不像平时那样主动”来判断对方到底会不会在意关系的变化。,PASS,我有时会通过“不像平时那样主动”来判断对方到底会不会在意关系的变化。,表达足够具体、接近日常语言。
UR-TP04,research/v3/normative/questionnaire_candidate_freeze.yaml,parent_prompt,如果我觉得自己一直在主动，我可能会突然停下来，把对方接下来怎么做当作答案的一部分。,PASS,如果我觉得自己一直在主动，我可能会突然停下来，把对方接下来怎么做当作答案的一部分。,表达足够具体、接近日常语言。
UR-TW01,research/v3/normative/questionnaire_candidate_freeze.yaml,parent_prompt,如果目前信息确实不足，我可以允许自己暂时不知道答案，而不是马上做决定。,PASS,如果目前信息确实不足，我可以允许自己暂时不知道答案，而不是马上做决定。,表达足够具体、接近日常语言。
UR-TW02,research/v3/normative/questionnaire_candidate_freeze.yaml,parent_prompt,即使关系问题让我有点在意，我通常仍能继续处理自己的工作和生活，等更合适的时机再确认。,PASS,即使关系问题让我有点在意，我通常仍能继续处理自己的工作和生活，等更合适的时机再确认。,表达足够具体、接近日常语言。
UR-TW03,research/v3/normative/questionnaire_candidate_freeze.yaml,parent_prompt,我能够同时保留“可能真的有问题”和“也可能只是暂时变化”两种可能。,PASS,我能够同时保留“可能真的有问题”和“也可能只是暂时变化”两种可能。,表达足够具体、接近日常语言。
UR-TW04,research/v3/normative/questionnaire_candidate_freeze.yaml,parent_prompt,如果对方已经明确说需要一点时间，我通常能先把这个时间留给他，再根据之后的行为判断。,PASS,如果对方已经明确说需要一点时间，我通常能先把这个时间留给他，再根据之后的行为判断。,表达足够具体、接近日常语言。
UR-WD01,research/v3/normative/questionnaire_candidate_freeze.yaml,parent_prompt,当我觉得对方可能没那么在意我时，我有时会先把自己的投入降下来，避免继续陷进去。,PASS,当我觉得对方可能没那么在意我时，我有时会先把自己的投入降下来，避免继续陷进去。,表达足够具体、接近日常语言。
UR-WD02,research/v3/normative/questionnaire_candidate_freeze.yaml,parent_prompt,如果一段关系让我长期猜不透，我可能会越来越不想继续谈这件事，而是慢慢拉开距离。,PASS,如果一段关系让我长期猜不透，我可能会越来越不想继续谈这件事，而是慢慢拉开距离。,表达足够具体、接近日常语言。
UR-WD03,research/v3/normative/questionnaire_candidate_freeze.yaml,parent_prompt,感觉自己可能被拒绝时，我有时宁愿先退出，也不愿让自己一直等答案。,PASS,感觉自己可能被拒绝时，我有时宁愿先退出，也不愿让自己一直等答案。,表达足够具体、接近日常语言。
UR-WD04,research/v3/normative/questionnaire_candidate_freeze.yaml,parent_prompt,当关系开始让我很不确定，我会比较容易进入“算了，不想再管了”的状态。,PASS,当关系开始让我很不确定，我会比较容易进入“算了，不想再管了”的状态。,表达足够具体、接近日常语言。
EX-P02:LEVEL5_OVERRIDE:1,NEW_TASK_SPECIFIC_OVERRIDE,task_specific_response_option,,ADD,几乎从不主动提新地方或新活动,替代无意义的通用 Level 1–5。
EX-P02:LEVEL5_OVERRIDE:2,NEW_TASK_SPECIFIC_OVERRIDE,task_specific_response_option,,ADD,偶尔会提,替代无意义的通用 Level 1–5。
EX-P02:LEVEL5_OVERRIDE:3,NEW_TASK_SPECIFIC_OVERRIDE,task_specific_response_option,,ADD,有时会主动提,替代无意义的通用 Level 1–5。
EX-P02:LEVEL5_OVERRIDE:4,NEW_TASK_SPECIFIC_OVERRIDE,task_specific_response_option,,ADD,经常会主动找新地方或新活动,替代无意义的通用 Level 1–5。
EX-P02:LEVEL5_OVERRIDE:5,NEW_TASK_SPECIFIC_OVERRIDE,task_specific_response_option,,ADD,很喜欢主动找新体验,替代无意义的通用 Level 1–5。
EX-P03:LEVEL5_OVERRIDE:1,NEW_TASK_SPECIFIC_OVERRIDE,task_specific_response_option,,ADD,通常不太想尝试,替代无意义的通用 Level 1–5。
EX-P03:LEVEL5_OVERRIDE:2,NEW_TASK_SPECIFIC_OVERRIDE,task_specific_response_option,,ADD,会比较谨慎，除非别人带着,替代无意义的通用 Level 1–5。
EX-P03:LEVEL5_OVERRIDE:3,NEW_TASK_SPECIFIC_OVERRIDE,task_specific_response_option,,ADD,看具体是什么,替代无意义的通用 Level 1–5。
EX-P03:LEVEL5_OVERRIDE:4,NEW_TASK_SPECIFIC_OVERRIDE,task_specific_response_option,,ADD,比较愿意尝试,替代无意义的通用 Level 1–5。
EX-P03:LEVEL5_OVERRIDE:5,NEW_TASK_SPECIFIC_OVERRIDE,task_specific_response_option,,ADD,很愿意主动试没接触过的东西,替代无意义的通用 Level 1–5。
SE-P01:LEVEL5_OVERRIDE:1,NEW_TASK_SPECIFIC_OVERRIDE,task_specific_response_option,,ADD,很少主动和朋友见面,替代无意义的通用 Level 1–5。
SE-P01:LEVEL5_OVERRIDE:2,NEW_TASK_SPECIFIC_OVERRIDE,task_specific_response_option,,ADD,偶尔见朋友,替代无意义的通用 Level 1–5。
SE-P01:LEVEL5_OVERRIDE:3,NEW_TASK_SPECIFIC_OVERRIDE,task_specific_response_option,,ADD,大约每周会有一次朋友活动,替代无意义的通用 Level 1–5。
SE-P01:LEVEL5_OVERRIDE:4,NEW_TASK_SPECIFIC_OVERRIDE,task_specific_response_option,,ADD,每周会有几次朋友活动,替代无意义的通用 Level 1–5。
SE-P01:LEVEL5_OVERRIDE:5,NEW_TASK_SPECIFIC_OVERRIDE,task_specific_response_option,,ADD,空闲时经常会安排社交活动,替代无意义的通用 Level 1–5。
SE-P02:LEVEL5_OVERRIDE:1,NEW_TASK_SPECIFIC_OVERRIDE,task_specific_response_option,,ADD,大多数周末更喜欢自己休息或和伴侣待着,替代无意义的通用 Level 1–5。
SE-P02:LEVEL5_OVERRIDE:2,NEW_TASK_SPECIFIC_OVERRIDE,task_specific_response_option,,ADD,偶尔会单独约朋友,替代无意义的通用 Level 1–5。
SE-P02:LEVEL5_OVERRIDE:3,NEW_TASK_SPECIFIC_OVERRIDE,task_specific_response_option,,ADD,自己、伴侣和朋友的时间比较平均,替代无意义的通用 Level 1–5。
SE-P02:LEVEL5_OVERRIDE:4,NEW_TASK_SPECIFIC_OVERRIDE,task_specific_response_option,,ADD,经常会安排朋友聚会或活动,替代无意义的通用 Level 1–5。
SE-P02:LEVEL5_OVERRIDE:5,NEW_TASK_SPECIFIC_OVERRIDE,task_specific_response_option,,ADD,大多数周末都会有自己的社交安排,替代无意义的通用 Level 1–5。
SE-P03:LEVEL5_OVERRIDE:1,NEW_TASK_SPECIFIC_OVERRIDE,task_specific_response_option,,ADD,不会特别想补上，之后有机会再见就行,替代无意义的通用 Level 1–5。
SE-P03:LEVEL5_OVERRIDE:2,NEW_TASK_SPECIFIC_OVERRIDE,task_specific_response_option,,ADD,会觉得有点久，但不急,替代无意义的通用 Level 1–5。
SE-P03:LEVEL5_OVERRIDE:3,NEW_TASK_SPECIFIC_OVERRIDE,task_specific_response_option,,ADD,会想找时间见一次朋友,替代无意义的通用 Level 1–5。
SE-P03:LEVEL5_OVERRIDE:4,NEW_TASK_SPECIFIC_OVERRIDE,task_specific_response_option,,ADD,会主动约朋友见面,替代无意义的通用 Level 1–5。
SE-P03:LEVEL5_OVERRIDE:5,NEW_TASK_SPECIFIC_OVERRIDE,task_specific_response_option,,ADD,会很明显觉得缺少社交，想尽快安排,替代无意义的通用 Level 1–5。
SE-P05:LEVEL5_OVERRIDE:1,NEW_TASK_SPECIFIC_OVERRIDE,task_specific_response_option,,ADD,除了很熟的人，平时很少维持其他联系,替代无意义的通用 Level 1–5。
SE-P05:LEVEL5_OVERRIDE:2,NEW_TASK_SPECIFIC_OVERRIDE,task_specific_response_option,,ADD,和少数普通朋友或同事保持联系,替代无意义的通用 Level 1–5。
SE-P05:LEVEL5_OVERRIDE:3,NEW_TASK_SPECIFIC_OVERRIDE,task_specific_response_option,,ADD,有一些稳定往来的普通朋友、同事或熟人,替代无意义的通用 Level 1–5。
SE-P05:LEVEL5_OVERRIDE:4,NEW_TASK_SPECIFIC_OVERRIDE,task_specific_response_option,,ADD,平时会和比较多的人保持联系,替代无意义的通用 Level 1–5。
SE-P05:LEVEL5_OVERRIDE:5,NEW_TASK_SPECIFIC_OVERRIDE,task_specific_response_option,,ADD,社交圈比较广，也经常维持不同关系,替代无意义的通用 Level 1–5。
SE-P06:LEVEL5_OVERRIDE:1,NEW_TASK_SPECIFIC_OVERRIDE,task_specific_response_option,,ADD,更喜欢少数熟人，不太主动扩展圈子,替代无意义的通用 Level 1–5。
SE-P06:LEVEL5_OVERRIDE:2,NEW_TASK_SPECIFIC_OVERRIDE,task_specific_response_option,,ADD,主要维持已有朋友，偶尔认识新人,替代无意义的通用 Level 1–5。
SE-P06:LEVEL5_OVERRIDE:3,NEW_TASK_SPECIFIC_OVERRIDE,task_specific_response_option,,ADD,既维持老朋友，也会自然认识一些新人,替代无意义的通用 Level 1–5。
SE-P06:LEVEL5_OVERRIDE:4,NEW_TASK_SPECIFIC_OVERRIDE,task_specific_response_option,,ADD,比较主动认识和联系不同的人,替代无意义的通用 Level 1–5。
SE-P06:LEVEL5_OVERRIDE:5,NEW_TASK_SPECIFIC_OVERRIDE,task_specific_response_option,,ADD,很喜欢组织活动、连接不同朋友和认识新人,替代无意义的通用 Level 1–5。
SE-P07:LEVEL5_OVERRIDE:1,NEW_TASK_SPECIFIC_OVERRIDE,task_specific_response_option,,ADD,觉得这样也挺舒服，不一定要改变,替代无意义的通用 Level 1–5。
SE-P07:LEVEL5_OVERRIDE:2,NEW_TASK_SPECIFIC_OVERRIDE,task_specific_response_option,,ADD,基本能接受，有合适机会再出去,替代无意义的通用 Level 1–5。
SE-P07:LEVEL5_OVERRIDE:3,NEW_TASK_SPECIFIC_OVERRIDE,task_specific_response_option,,ADD,会想适当增加一点社交,替代无意义的通用 Level 1–5。
SE-P07:LEVEL5_OVERRIDE:4,NEW_TASK_SPECIFIC_OVERRIDE,task_specific_response_option,,ADD,会主动安排见朋友或参加活动,替代无意义的通用 Level 1–5。
SE-P07:LEVEL5_OVERRIDE:5,NEW_TASK_SPECIFIC_OVERRIDE,task_specific_response_option,,ADD,会明显觉得生活太封闭，想尽快增加社交,替代无意义的通用 Level 1–5。
